{
  "result": [
    {
      "name": "United States of America",
      "/location/country/calling_code": [
        1
      ],
      "type": "/location/country",
      "id": "/en/united_states"
    },
    {
      "name": "Germany",
      "/location/country/calling_code": [
        49
      ],
      "type": "/location/country",
      "id": "/en/germany"
    },
    {
      "name": "Australia",
      "/location/country/calling_code": [
        61
      ],
      "type": "/location/country",
      "id": "/en/australia"
    },
    {
      "name": "Iran",
      "/location/country/calling_code": [
        98
      ],
      "type": "/location/country",
      "id": "/en/iran"
    },
    {
      "name": "United Kingdom",
      "/location/country/calling_code": [
        44
      ],
      "type": "/location/country",
      "id": "/en/united_kingdom"
    },
    {
      "name": "Hong Kong",
      "/location/country/calling_code": [
        852
      ],
      "type": "/location/country",
      "id": "/en/hong_kong"
    },
    {
      "name": "Iceland",
      "/location/country/calling_code": [
        354
      ],
      "type": "/location/country",
      "id": "/en/iceland"
    },
    {
      "name": "France",
      "/location/country/calling_code": [
        33
      ],
      "type": "/location/country",
      "id": "/en/france"
    },
    {
      "name": "India",
      "/location/country/calling_code": [
        91
      ],
      "type": "/location/country",
      "id": "/en/india"
    },
    {
      "name": "Canada",
      "/location/country/calling_code": [
        1
      ],
      "type": "/location/country",
      "id": "/en/canada"
    },
    {
      "name": "Russia",
      "/location/country/calling_code": [
        7
      ],
      "type": "/location/country",
      "id": "/en/russia"
    },
    {
      "name": "Japan",
      "/location/country/calling_code": [
        81
      ],
      "type": "/location/country",
      "id": "/en/japan"
    },
    {
      "name": "Italy",
      "/location/country/calling_code": [
        39
      ],
      "type": "/location/country",
      "id": "/en/italy"
    },
    {
      "name": "Philippines",
      "/location/country/calling_code": [
        63
      ],
      "type": "/location/country",
      "id": "/en/philippines"
    },
    {
      "name": "South Africa",
      "/location/country/calling_code": [
        27
      ],
      "type": "/location/country",
      "id": "/en/south_africa"
    },
    {
      "name": "Thailand",
      "/location/country/calling_code": [
        66
      ],
      "type": "/location/country",
      "id": "/en/thailand"
    },
    {
      "name": "Poland",
      "/location/country/calling_code": [
        48
      ],
      "type": "/location/country",
      "id": "/en/poland"
    },
    {
      "name": "England",
      "/location/country/calling_code": [
        44
      ],
      "type": "/location/country",
      "id": "/en/england"
    },
    {
      "name": "Republic of Ireland",
      "/location/country/calling_code": [
        353
      ],
      "type": "/location/country",
      "id": "/en/republic_of_ireland"
    },
    {
      "name": "Brazil",
      "/location/country/calling_code": [
        55
      ],
      "type": "/location/country",
      "id": "/en/brazil"
    },
    {
      "name": "Argentina",
      "/location/country/calling_code": [
        54
      ],
      "type": "/location/country",
      "id": "/en/argentina"
    },
    {
      "name": "Belgium",
      "/location/country/calling_code": [
        32
      ],
      "type": "/location/country",
      "id": "/en/belgium"
    },
    {
      "name": "Netherlands",
      "/location/country/calling_code": [
        31
      ],
      "type": "/location/country",
      "id": "/en/netherlands"
    },
    {
      "name": "Denmark",
      "/location/country/calling_code": [
        45
      ],
      "type": "/location/country",
      "id": "/en/denmark"
    },
    {
      "name": "Sweden",
      "/location/country/calling_code": [
        46
      ],
      "type": "/location/country",
      "id": "/en/sweden"
    },
    {
      "name": "Turkey",
      "/location/country/calling_code": [
        90
      ],
      "type": "/location/country",
      "id": "/en/turkey"
    },
    {
      "name": "Venezuela",
      "/location/country/calling_code": [
        58
      ],
      "type": "/location/country",
      "id": "/en/venezuela"
    },
    {
      "name": "North Korea",
      "/location/country/calling_code": [
        850
      ],
      "type": "/location/country",
      "id": "/en/north_korea"
    },
    {
      "name": "South Korea",
      "/location/country/calling_code": [
        82
      ],
      "type": "/location/country",
      "id": "/en/south_korea"
    },
    {
      "name": "Mexico",
      "/location/country/calling_code": [
        52
      ],
      "type": "/location/country",
      "id": "/en/mexico"
    },
    {
      "name": "Czechoslovakia",
      "/location/country/calling_code": [
        42
      ],
      "type": "/location/country",
      "id": "/en/czechoslovakia"
    },
    {
      "name": "Russian Empire",
      "/location/country/calling_code": [],
      "type": "/location/country",
      "id": "/en/russian_empire"
    },
    {
      "name": "New Zealand",
      "/location/country/calling_code": [
        64
      ],
      "type": "/location/country",
      "id": "/en/new_zealand"
    },
    {
      "name": "Lithuania",
      "/location/country/calling_code": [
        370
      ],
      "type": "/location/country",
      "id": "/en/lithuania"
    },
    {
      "name": "Spain",
      "/location/country/calling_code": [
        34
      ],
      "type": "/location/country",
      "id": "/en/spain"
    },
    {
      "name": "West Germany",
      "/location/country/calling_code": [
        49
      ],
      "type": "/location/country",
      "id": "/en/west_germany"
    },
    {
      "name": "Singapore",
      "/location/country/calling_code": [
        65
      ],
      "type": "/location/country",
      "id": "/en/singapore"
    },
    {
      "name": "Norway",
      "/location/country/calling_code": [
        47
      ],
      "type": "/location/country",
      "id": "/en/norway"
    },
    {
      "name": "Czech Republic",
      "/location/country/calling_code": [
        420
      ],
      "type": "/location/country",
      "id": "/en/czech_republic"
    },
    {
      "name": "Croatia",
      "/location/country/calling_code": [
        385
      ],
      "type": "/location/country",
      "id": "/en/croatia"
    },
    {
      "name": "Slovakia",
      "/location/country/calling_code": [
        421
      ],
      "type": "/location/country",
      "id": "/en/slovakia"
    },
    {
      "name": "Morocco",
      "/location/country/calling_code": [
        212
      ],
      "type": "/location/country",
      "id": "/en/morocco"
    },
    {
      "name": "Luxembourg",
      "/location/country/calling_code": [
        352
      ],
      "type": "/location/country",
      "id": "/en/luxembourg"
    },
    {
      "name": "Pakistan",
      "/location/country/calling_code": [
        92
      ],
      "type": "/location/country",
      "id": "/en/pakistan"
    },
    {
      "name": "Finland",
      "/location/country/calling_code": [
        358
      ],
      "type": "/location/country",
      "id": "/en/finland"
    },
    {
      "name": "Switzerland",
      "/location/country/calling_code": [
        41
      ],
      "type": "/location/country",
      "id": "/en/switzerland"
    },
    {
      "name": "Weimar Republic",
      "/location/country/calling_code": [],
      "type": "/location/country",
      "id": "/en/weimar_republic"
    },
    {
      "name": "Botswana",
      "/location/country/calling_code": [
        267
      ],
      "type": "/location/country",
      "id": "/en/botswana"
    },
    {
      "name": "Malaysia",
      "/location/country/calling_code": [
        60
      ],
      "type": "/location/country",
      "id": "/en/malaysia"
    },
    {
      "name": "Egypt",
      "/location/country/calling_code": [
        20
      ],
      "type": "/location/country",
      "id": "/en/egypt"
    },
    {
      "name": "Hungary",
      "/location/country/calling_code": [
        36
      ],
      "type": "/location/country",
      "id": "/en/hungary"
    },
    {
      "name": "Andorra",
      "/location/country/calling_code": [
        376
      ],
      "type": "/location/country",
      "id": "/en/andorra"
    },
    {
      "name": "United Arab Emirates",
      "/location/country/calling_code": [
        971
      ],
      "type": "/location/country",
      "id": "/en/united_arab_emirates"
    },
    {
      "name": "Afghanistan",
      "/location/country/calling_code": [
        93
      ],
      "type": "/location/country",
      "id": "/en/afghanistan"
    },
    {
      "name": "Antigua and Barbuda",
      "/location/country/calling_code": [
        1
      ],
      "type": "/location/country",
      "id": "/en/antigua_and_barbuda"
    },
    {
      "name": "Anguilla",
      "/location/country/calling_code": [
        1
      ],
      "type": "/location/country",
      "id": "/en/anguilla"
    },
    {
      "name": "Albania",
      "/location/country/calling_code": [
        355
      ],
      "type": "/location/country",
      "id": "/en/albania"
    },
    {
      "name": "Armenia",
      "/location/country/calling_code": [
        374
      ],
      "type": "/location/country",
      "id": "/en/armenia"
    },
    {
      "name": "Netherlands Antilles",
      "/location/country/calling_code": [
        599
      ],
      "type": "/location/country",
      "id": "/en/netherlands_antilles"
    },
    {
      "name": "Angola",
      "/location/country/calling_code": [
        244
      ],
      "type": "/location/country",
      "id": "/en/angola"
    },
    {
      "name": "American Samoa",
      "/location/country/calling_code": [
        1
      ],
      "type": "/location/country",
      "id": "/en/american_samoa"
    },
    {
      "name": "Austria",
      "/location/country/calling_code": [
        43
      ],
      "type": "/location/country",
      "id": "/en/austria"
    },
    {
      "name": "Aruba",
      "/location/country/calling_code": [
        297
      ],
      "type": "/location/country",
      "id": "/en/aruba"
    },
    {
      "name": "Azerbaijan",
      "/location/country/calling_code": [
        994
      ],
      "type": "/location/country",
      "id": "/en/azerbaijan"
    },
    {
      "name": "Bosnia and Herzegovina",
      "/location/country/calling_code": [
        387
      ],
      "type": "/location/country",
      "id": "/en/bosnia_and_herzegovina"
    },
    {
      "name": "Barbados",
      "/location/country/calling_code": [
        1
      ],
      "type": "/location/country",
      "id": "/en/barbados"
    },
    {
      "name": "Bangladesh",
      "/location/country/calling_code": [
        880
      ],
      "type": "/location/country",
      "id": "/en/bangladesh"
    },
    {
      "name": "Burkina Faso",
      "/location/country/calling_code": [
        226
      ],
      "type": "/location/country",
      "id": "/en/burkina_faso"
    },
    {
      "name": "Bulgaria",
      "/location/country/calling_code": [
        359
      ],
      "type": "/location/country",
      "id": "/en/bulgaria"
    },
    {
      "name": "Bahrain",
      "/location/country/calling_code": [
        973
      ],
      "type": "/location/country",
      "id": "/en/bahrain"
    },
    {
      "name": "Burundi",
      "/location/country/calling_code": [
        257
      ],
      "type": "/location/country",
      "id": "/en/burundi"
    },
    {
      "name": "Benin",
      "/location/country/calling_code": [
        229
      ],
      "type": "/location/country",
      "id": "/en/benin"
    },
    {
      "name": "Bermuda",
      "/location/country/calling_code": [
        1
      ],
      "type": "/location/country",
      "id": "/en/bermuda"
    },
    {
      "name": "Brunei",
      "/location/country/calling_code": [
        673
      ],
      "type": "/location/country",
      "id": "/en/brunei"
    },
    {
      "name": "Bolivia",
      "/location/country/calling_code": [
        591
      ],
      "type": "/location/country",
      "id": "/en/bolivia"
    },
    {
      "name": "Bahamas",
      "/location/country/calling_code": [
        1
      ],
      "type": "/location/country",
      "id": "/en/the_bahamas"
    },
    {
      "name": "Bhutan",
      "/location/country/calling_code": [
        975
      ],
      "type": "/location/country",
      "id": "/en/bhutan"
    },
    {
      "name": "Belarus",
      "/location/country/calling_code": [
        375
      ],
      "type": "/location/country",
      "id": "/en/belarus"
    },
    {
      "name": "Belize",
      "/location/country/calling_code": [
        501
      ],
      "type": "/location/country",
      "id": "/en/belize"
    },
    {
      "name": "Cocos (Keeling) Islands",
      "/location/country/calling_code": [
        891
      ],
      "type": "/location/country",
      "id": "/en/cocos_islands"
    },
    {
      "name": "Central African Republic",
      "/location/country/calling_code": [
        236
      ],
      "type": "/location/country",
      "id": "/en/central_african_republic"
    },
    {
      "name": "Congo",
      "/location/country/calling_code": [
        242
      ],
      "type": "/location/country",
      "id": "/en/republic_of_the_congo"
    },
    {
      "name": "Ivory Coast",
      "/location/country/calling_code": [
        225
      ],
      "type": "/location/country",
      "id": "/en/cote_divoire"
    },
    {
      "name": "Cook Islands",
      "/location/country/calling_code": [
        682
      ],
      "type": "/location/country",
      "id": "/en/cook_islands"
    },
    {
      "name": "Chile",
      "/location/country/calling_code": [
        56
      ],
      "type": "/location/country",
      "id": "/en/chile"
    },
    {
      "name": "Cameroon",
      "/location/country/calling_code": [
        237
      ],
      "type": "/location/country",
      "id": "/en/cameroon"
    },
    {
      "name": "China",
      "/location/country/calling_code": [
        86
      ],
      "type": "/location/country",
      "id": "/en/china"
    },
    {
      "name": "Colombia",
      "/location/country/calling_code": [
        57
      ],
      "type": "/location/country",
      "id": "/en/colombia"
    },
    {
      "name": "Costa Rica",
      "/location/country/calling_code": [
        506
      ],
      "type": "/location/country",
      "id": "/en/costa_rica"
    },
    {
      "name": "Serbia",
      "/location/country/calling_code": [
        381
      ],
      "type": "/location/country",
      "id": "/en/serbia"
    },
    {
      "name": "Cuba",
      "/location/country/calling_code": [
        53
      ],
      "type": "/location/country",
      "id": "/en/cuba"
    },
    {
      "name": "Cape Verde",
      "/location/country/calling_code": [
        238
      ],
      "type": "/location/country",
      "id": "/en/cape_verde"
    },
    {
      "name": "Christmas Island",
      "/location/country/calling_code": [
        61
      ],
      "type": "/location/country",
      "id": "/en/christmas_island"
    },
    {
      "name": "Cyprus",
      "/location/country/calling_code": [
        357
      ],
      "type": "/location/country",
      "id": "/en/cyprus"
    },
    {
      "name": "Djibouti",
      "/location/country/calling_code": [
        253
      ],
      "type": "/location/country",
      "id": "/en/djibouti"
    },
    {
      "name": "Dominica",
      "/location/country/calling_code": [
        1
      ],
      "type": "/location/country",
      "id": "/en/dominica"
    },
    {
      "name": "Dominican Republic",
      "/location/country/calling_code": [
        1
      ],
      "type": "/location/country",
      "id": "/en/dominican_republic"
    },
    {
      "name": "Algeria",
      "/location/country/calling_code": [
        213
      ],
      "type": "/location/country",
      "id": "/en/algeria"
    },
    {
      "name": "Ecuador",
      "/location/country/calling_code": [
        593
      ],
      "type": "/location/country",
      "id": "/en/ecuador"
    },
    {
      "name": "Estonia",
      "/location/country/calling_code": [
        372
      ],
      "type": "/location/country",
      "id": "/en/estonia"
    }
  ]
}