00,af,Afrika
00,af,Oseanië
00,af,Suid-Amerika
00,af,Wêreld
00,am,አፍሪካ
00,am,ኦሽኒያ
00,am,ዓለም
00,am,ደቡባዊ አሜሪካ
00,ar,أمريكا الجنوبية
00,ar,أمريكا الشمالية
00,ar,أوقيانوسيا
00,ar,افريقيا
00,ar,العالم
00,az,Afrika
00,az,Cənub Amerika
00,az,Dünya
00,az,Okeyaniya
00,az,Şimal Amerika
00,be,Акіянія
00,be,Афрыка
00,be,Паўднёвая Амэрыка
00,be,Паўночная Амэрыка
00,be,Свет
00,bg,Африка
00,bg,Земята
00,bg,Океания
00,bg,Северноамерикански континент
00,bg,Южна Америка
00,bn,আফ্রিকা
00,bn,উত্তর আমেরিক
00,bn,ওসানিয়া
00,bn,দক্ষিন আমেরিকা
00,bn,পৃথিবী
00,bo,འཛམ་གླིང་།
00,bo,ཨཕྲི་ཀ།
00,ca,Àfrica
00,ca,Amèrica del Nord
00,ca,Amèrica del Sud
00,ca,Món
00,ca,Oceania
00,cs,003
00,cs,Afrika
00,cs,Jižní Amerika
00,cs,Oceánie
00,cs,Svět
00,cy,Affrica
00,cy,De America
00,cy,Oceania
00,cy,Y Byd
00,da,Afrika
00,da,Nordamerika
00,da,Oceanien
00,da,Sydamerika
00,da,Verden
00,de,Afrika
00,de,Nordamerika
00,de,Ozeanien
00,de,Südamerika
00,de,Welt
00,el,Αφρική
00,el,Βόρεια Αμερική
00,el,Κόσμος
00,el,Νότια Αμερική
00,el,Ωκεανία
00,en,Africa
00,en,North America
00,en,Oceania
00,en,South America
00,en,World
00,es,África
00,es,América del Norte
00,es,Mundo
00,es,Oceanía
00,es,Suramérica
00,et,Aafrika
00,et,Lõuna-Ameerika
00,et,maailm
00,et,Okeaania
00,et,Põhja-Ameerika
00,fa,افریقا
00,fa,اقیانوسیه
00,fa,امریکای جنوبی
00,fa,امریکای شمالی
00,fa,جهان
00,fi,Afrikka
00,fi,Etelä-Amerikka
00,fi,maailma
00,fi,Oseania
00,fi,Pohjois-Amerikka
00,fil,Africa
00,fil,Mundo
00,fil,North America
00,fil,Oceania
00,fil,South America
00,fo,Africa
00,fo,heimur
00,fo,Kyrrahavsoyggjarnar
00,fo,Norðuramerika
00,fo,Suðuramerika
00,fr,Afrique
00,fr,Amérique du Nord
00,fr,Amérique du Sud
00,fr,Monde
00,fr,Océanie
00,fur,Afriche
00,fur,Americhe dal Nord
00,fur,Americhe meridionâl
00,fur,Mont
00,fur,Oceanie
00,ga,An Afraic
00,ga,An Aigéine
00,ga,An Domhan
00,gl,África
00,gl,Mundo
00,gl,Norteamérica
00,gl,Oceanía
00,gl,Sudamérica
00,gsw,Afrika
00,gsw,Nordameerika
00,gsw,Ozeaanie
00,gsw,Süüdameerika
00,gsw,Wält
00,gu,આફ્રિકા
00,gu,ઉતર અમેરિકા
00,gu,ઓશિઆનિયા
00,gu,દક્ષિણ અમેરિકા
00,gu,વિશ્વ
00,he,אוקיאניה
00,he,אפריקה
00,he,דרום אמריקה
00,he,העולם
00,he,צפון אמריקה
00,hi,अफ्रीका
00,hi,उत्तर अमेरिका
00,hi,ओशिआनिया
00,hi,दक्षिण अमेरिका
00,hi,दुनिया
00,hr,Afrika
00,hr,Južna Amerika
00,hr,Oceanija
00,hr,Sjevernoamerički kontinent
00,hr,Svijet
00,hu,Afrika
00,hu,Dél-Amerika
00,hu,Észak-Amerika
00,hu,Óceánia
00,hu,Világ
00,hy,Աշխարհ
00,hy,Աֆրիկա
00,hy,Հարավային Ամերիկա
00,is,Afríka
00,is,Eyjaálfa
00,is,heimur
00,is,Norður-Ameríka
00,is,Suður-Ameríka
00,it,Africa
00,it,America del Sud
00,it,Mondo
00,it,Nord America
00,it,Oceania
00,ja,アフリカ
00,ja,オセアニア
00,ja,世界
00,ja,北米
00,ja,南アメリカ
00,ka,აფრიკა
00,ka,მსოფლიო
00,ka,ოკეანეთი
00,ka,სამხრეთი ამერიკა
00,ka,ჩრდილოეთ ამერიკა
00,kn,ಆಫ್ರಿಕಾ
00,kn,ಉತ್ತರ ಅಮೇರಿಕಾ
00,kn,ಓಶಿಯಾನಾ
00,kn,ದಕ್ಷಿಣ ಅಮೇರಿಕಾ
00,kn,ವಿಶ್ವ
00,ko,남아메리카[남미]
00,ko,북아메리카
00,ko,세계
00,ko,아프리카
00,ko,"오세아니아, 대양주"
00,ku,Cîhan
00,ln,Afríka
00,ln,Ameríka ya Sídi
00,ln,mokili mobimba
00,lt,Afrika
00,lt,Okeanija
00,lt,Pasaulis
00,lt,Pietų Amerika
00,lt,Šiaurės Amerika
00,lv,Āfrika
00,lv,Dienvidamerika
00,lv,Okeānija
00,lv,pasaule
00,lv,Ziemeļamerika
00,mk,Јужна Америка
00,mk,Африка
00,mk,Океанија
00,mk,Свет
00,mk,Северна Америка
00,ml,ആഫ്രിക്ക
00,ml,ഓഷ്യാനിയ
00,ml,തെക്കേ അമേരിക്കന്‍ ഭൂഖണ്ഡം
00,ml,ലോകം
00,ml,വടക്കേ അമേരിക്കന്‍ ഭൂഖണ്ഡം
00,mr,अफ्रिका
00,mr,उत्तर अमेरिका
00,mr,ओशनिया
00,mr,दक्षिण अमेरिका
00,mr,विश्व
00,mt,Affrika
00,mt,Amerika ta’ Fuq
00,mt,Amerika t’Isfel
00,mt,Dinja
00,mt,Oċejanja
00,my,ကမ္ဘာ
00,my,တောင် အမေရိက
00,my,မြောက် အမေရိက
00,my,သမုဒ္ဒရာဒေသ
00,my,အာဖရိက
00,nb,Afrika
00,nb,Nord-Amerika
00,nb,Oseania
00,nb,Sør-Amerika
00,nb,verden
00,nds,Afrika
00,nds,Noordamerika
00,nds,Ozeanien
00,nds,Süüdamerika
00,nds,Welt
00,ne,अफ्रिका
00,ne,उत्तर अमेरिका
00,ne,ओसनिया
00,ne,दक्षिण अमेरिका
00,ne,विश्व
00,nl,Afrika
00,nl,Noord-Amerika
00,nl,Oceanië
00,nl,Wereld
00,nl,Zuid-Amerika
00,nn,Afrika
00,nn,Nord-Amerika
00,nn,Oseania
00,nn,Sør-Amerika
00,nn,verda
00,oc,Africa
00,or,ଆଫ୍ରିକା
00,or,ଉତ୍ତର ଆମେରିକା
00,or,ଓସୋନିଆନ୍
00,or,ଦକ୍ଷିଣ ଆମେରିକା
00,or,ବିଶ୍ବ
00,pl,Afryka
00,pl,Ameryka Północna
00,pl,Ameryka Południowa
00,pl,Oceania
00,pl,Świat
00,pt,África
00,pt,América do Norte
00,pt,América do Sul
00,pt,Mundo
00,pt,Oceania
00,ro,Africa
00,ro,America de Nord
00,ro,America de Sud
00,ro,Lume
00,ro,Oceania
00,ru,Африка
00,ru,Мир
00,ru,Океания
00,ru,Северная Америка
00,ru,Южная Америка
00,se,Afrihkká
00,se,dávvi-Amerihkká ja gaska-Amerihkká
00,se,máilbmi
00,se,mátta-Amerihkká
00,se,Oseania
00,sk,Afrika
00,sk,Južná Amerika
00,sk,Oceánia
00,sk,Severná Amerika (003)
00,sk,Svet
00,sl,Afrika
00,sl,Južna Amerika
00,sl,Oceanija
00,sl,Severna Amerika
00,sl,Svet
00,sr,Јужна Америка
00,sr,Африка
00,sr,Океанија
00,sr,Свет
00,sr,Северноамерички континент
00,sv,Afrika
00,sv,Nordamerika
00,sv,Oceanien
00,sv,Sydamerika
00,sv,världen
00,ta,ஆப்ரிக்கா
00,ta,உலகம்
00,ta,ஓஷெனியா
00,ta,தெற்கு அமெரிக்கா
00,ta,வடக்கு அமெரிக்கா கண்டம்
00,te,ఆఫ్రికా
00,te,ఉత్తర అమెరికా ఖండము
00,te,ఒషేనియ
00,te,దక్షిణ అమెరికా
00,te,ప్రపంచం
00,th,อเมริกาเหนือ
00,th,อเมริกาใต้
00,th,แอฟริกา
00,th,โลก
00,th,โอเชียเนีย
00,to,Māmani
00,to,ʻAfelika
00,to,ʻAmelika tokelau
00,to,ʻAmelika tonga
00,to,ʻOseania
00,tr,Afrika
00,tr,Dünya
00,tr,Güney Amerika
00,tr,Kuzey Amerika
00,tr,Okyanusya
00,uk,Африка
00,uk,Океанія
00,uk,Південна Америка
00,uk,Північноамериканський континент
00,uk,Світ
00,vi,Bắc Mỹ
00,vi,Châu Phi
00,vi,Châu Đại Dương
00,vi,Nam Mỹ
00,vi,Thế giới
00,zh,世界
00,zh,北美洲
00,zh,南美洲
00,zh,大洋洲
00,zh,非洲
01,af,Amerikas
01,af,Midde-Afrika
01,af,Noord-Afrika
01,af,Oos-Afrika
01,af,Sentraal-Amerika
01,af,Suider-Afrika
01,af,Wes-Afrika
01,am,መካከለኛ አሜሪካ [013]
01,am,መካከለኛ አፍሪካ
01,am,ምስራቃዊ አፍሪካ
01,am,ምዕራባዊ አፍሪካ
01,am,ሰሜናዊ አፍሪካ
01,am,አሜሪካዎች
01,am,ደቡባዊ አፍሪካ
01,ar,أمريكا الوسطى
01,ar,الأمريكتين
01,ar,جنوب افريقيا
01,ar,شرق افريقيا
01,ar,شمال افريقيا
01,ar,غرب افريقيا
01,ar,وسط افريقيا
01,az,018
01,az,Amerikalar
01,az,Orta Afrika
01,az,Orta Amerika
01,az,Qərb afrika
01,az,Şimal Afrika
01,az,Şərq Afrika
01,be,Заходняя Афрыка
01,be,Паўднёвая Афрыка
01,be,Паўночная і Паўднёвая Амерыкі
01,be,Паўночная Афрыка
01,be,Усходняя Афрыка
01,be,Цэнтральная Амэрыка
01,be,Цэнтральная Афрыка
01,bg,Америка
01,bg,Западна Афирка
01,bg,Източна Африка
01,bg,Северна Африка
01,bg,Централна Америка
01,bg,Централна Африка
01,bg,Южноафрикански регион
01,bn,আমেরিকাস
01,bn,উত্তর আফ্রিকা
01,bn,দক্ষিণাঞ্চলীয় আফ্রিকা
01,bn,পশ্চিমাঞ্চলীয় আফ্রিকা
01,bn,পূর্ব আফ্রিকা
01,bn,মধ্য আফ্রিকা
01,bn,মধ্য আমেরিকা
01,bo,ཨ་མེ་རི་ཀ།
01,ca,Àfrica Central
01,ca,Àfrica meridional
01,ca,Àfrica Occidental
01,ca,Àfrica Oriental
01,ca,Àfrica septentrional
01,ca,Amèrica
01,ca,Amèrica Central
01,cs,Amerika
01,cs,Jižní Afrika
01,cs,Severní Afrika
01,cs,Střední Afrika
01,cs,Střední Amerika
01,cs,Východní Afrika
01,cs,Západní Afrika
01,cy,Americas
01,cy,Canol Affrica
01,cy,Canolbarth America
01,cy,De Affrica [018]
01,cy,Dwyrain Affrica
01,cy,Gogledd Affrica
01,cy,Gorllewin Affrica
01,da,Amerika
01,da,Centralafrika
01,da,Det sydlige Afrika
01,da,Mellemamerika
01,da,Nordafrika
01,da,Vestafrika
01,da,Østafrika
01,de,Amerika
01,de,Mittelamerika
01,de,Nordafrika
01,de,Ostafrika
01,de,Südliches Afrika
01,de,Westafrika
01,de,Zentralafrika
01,el,Αμερική
01,el,Ανατολική Αφρική
01,el,Βόρεια Αφρική
01,el,Δυτική Αφρική
01,el,Κεντρική Αμερική
01,el,Μέση Αφρική
01,el,Νότιος Αφρική
01,en,Americas
01,en,Central America
01,en,Eastern Africa
01,en,Middle Africa
01,en,Northern Africa
01,en,Southern Africa
01,en,Western Africa
01,es,África central
01,es,África meridional
01,es,África occidental
01,es,África oriental
01,es,África septentrional
01,es,Américas
01,es,Centroamérica
01,et,Ameerika maailmajagu
01,et,Ida-Aafrika
01,et,Kesk-Aafrika
01,et,Kesk-Ameerika
01,et,Lääne-Aafrika
01,et,Lõuna-Aafrika
01,et,Põhja-Aafrika
01,fa,امریکا
01,fa,امریکای مرکزی
01,fa,جنوب افریقا
01,fa,شرق افریقا
01,fa,شمال افریقا
01,fa,غرب افریقا
01,fa,مرکز افریقا
01,fi,Amerikka
01,fi,eteläinen Afrikka
01,fi,Itä-Afrikka
01,fi,Keski-Afrikka
01,fi,Länsi-Afrikka
01,fi,Pohjois-Afrikka
01,fi,Väli-Amerikka
01,fil,Americas
01,fil,Gitnang Africa
01,fil,Gitnang Amerika
01,fil,Hilagang Africa
01,fil,Kanlurang Africa
01,fil,Katimugang Africa
01,fil,Silangang Africa
01,fo,Amerika
01,fo,Eysturafrika
01,fo,Miðafrika
01,fo,Norðurafrika
01,fo,Sentralamerika
01,fo,Suður Afrika
01,fo,Vesturafrika
01,fr,Afrique australe
01,fr,Afrique centrale
01,fr,Afrique occidentale
01,fr,Afrique orientale
01,fr,Afrique septentrionale
01,fr,Amérique centrale
01,fr,Amériques
01,fur,Afriche di mieç
01,fur,Afriche meridionâl
01,fur,Afriche ocidentâl
01,fur,Afriche orientâl
01,fur,Afriche setentrionâl
01,fur,Americhe centrâl
01,fur,Americhis
01,ga,An Afraic Láir
01,ga,Meiriceá Láir
01,ga,Na Meiriceánna
01,gl,África Central
01,gl,África Meridional
01,gl,África Occidental
01,gl,África Oriental
01,gl,África Septentrional
01,gl,América
01,gl,América Central
01,gsw,Mittelameerika
01,gsw,"Nord-, Mittel- und Süüdameerika"
01,gsw,Nordafrika
01,gsw,Oschtafrika
01,gsw,Süüdlichs Afrika
01,gsw,Weschtafrika
01,gsw,Zentraalafrika
01,gu,અમેરિકાસ
01,gu,ઉતરીય આફ્રિકા
01,gu,દક્ષિણી આફ્રિકા
01,gu,પશ્ચિમ આફ્રિકા
01,gu,પૂર્વ અમેરિકા
01,gu,મધ્ય અમેરિકા
01,gu,મધ્ય આફ્રિકા
01,he,אמריקה
01,he,דרום יבשת אפריקה
01,he,מזרח אפריקה
01,he,מערב אפריקה
01,he,מרכז אמריקה
01,he,מרכז אפריקה
01,he,צפון אפריקה
01,hi,अमेरीकास
01,hi,उत्तरी अफ्रीका
01,hi,दक्षिणी अफ्रीका
01,hi,पश्चिमी अफ्रीका
01,hi,पूर्वी अफ्रीका
01,hi,मध्य अफ्रीका
01,hi,मध्य अमरीका
01,hr,Amerike
01,hr,Centralna Amerika
01,hr,Istočna Afrika
01,hr,Južna Afrika
01,hr,Sjeverna Afrika
01,hr,Središnja Afrika
01,hr,Zapadna Afrika
01,hu,Afrika déli része
01,hu,Amerika
01,hu,Észak-Afrika
01,hu,Kelet-Afrika
01,hu,Közép-Afrika
01,hu,Közép-Amerika
01,hu,Nyugat-Afrika
01,hy,Արևելյան Աֆրիկա
01,hy,Արևմտյան Աֆրիկա
01,hy,Հարավային Աֆրիկա [018]
01,hy,Հյուսիսային Աֆրիկա
01,is,Ameríka
01,is,Austur-Afríka
01,is,Mið-Afríka
01,is,Mið-Ameríka
01,is,Norður-Afríka
01,is,Suðurhluti Afríku
01,is,Vestur-Afríka
01,it,Africa centrale
01,it,Africa del Nord
01,it,Africa del Sud
01,it,Africa occidentale
01,it,Africa orientale
01,it,America centrale
01,it,Americhe
01,ja,アメリカ大陸
01,ja,中央アメリカ
01,ja,中部アフリカ
01,ja,北アフリカ
01,ja,南部アフリカ
01,ja,東アフリカ
01,ja,西アフリカ
01,ka,ამერიკები
01,ka,აღმოსავლეთი აფრიკა
01,ka,დასავლეთი აფრიკა
01,ka,სამხრეთი აფრიკა
01,ka,შუა აფრიკა
01,ka,ჩრდილოეთი აფრიკა
01,ka,ცენტრალური ამერიკა
01,kn,ಅಮೆರಿಕಾಸ್
01,kn,ಆಫ್ರಿಕಾದ ದಕ್ಷಿಣ ಭಾಗ
01,kn,ಉತ್ತರ ಆಫ್ರಿಕಾ
01,kn,ಪಶ್ಚಿಮ ಆಫ್ರಿಕಾ
01,kn,ಪೂರ್ವ ಆಫ್ರಿಕಾ
01,kn,ಮಧ್ಯ ಅಮೇರಿಕಾ
01,kn,ಮಧ್ಯ ಆಫ್ರಿಕಾ
01,ko,남부 아프리카
01,ko,동부 아프리카
01,ko,북부 아프리카
01,ko,서아프리카
01,ko,아메리카 대륙
01,ko,중부 아프리카
01,ko,중앙 아메리카
01,ln,Afríka ya límbe
01,ln,Afríka ya Nola
01,ln,Afríka ya Sídi
01,lt,Amerika
01,lt,Centrinė Amerika
01,lt,Pietų Afrika [018]
01,lt,Rytų Afrika
01,lt,Šiaurės Afrika
01,lt,Vakarų Afrika
01,lt,Vidurio Afrika
01,lv,Āfrikas dienvidi
01,lv,Amerika
01,lv,Austrumāfrika
01,lv,Centrālamerika
01,lv,Rietumāfrika
01,lv,Vidusāfrika
01,lv,Ziemeļāfrika
01,mk,Јужна континентална Африка
01,mk,Америки
01,mk,Западна Африка
01,mk,Источна Африка
01,mk,Северна Африка
01,mk,Средна Африка
01,mk,Централна Америка
01,ml,അമേരിക്കന്‍ ഭൂഖണ്ഡം
01,ml,കിഴക്കന്‍ ആഫ്രിക്ക
01,ml,തെക്കേ ആഫ്രിക്ക
01,ml,പശ്ചിമ ആഫ്രിക്ക
01,ml,മദ്ധ്യഅമേരിക്ക
01,ml,മദ്ധ്യആഫ്രിക്ക
01,ml,വടക്കേ ആഫ്രിക്ക
01,mr,अमेरिकास
01,mr,उत्तर अफ्रिका
01,mr,दक्षिणी अफ्रिका
01,mr,पश्चिम अफ्रिका
01,mr,पूर्व अफ्रिका
01,mr,मध्य अफ्रिका
01,mr,मध्य अमेरीका
01,mt,Affrika Nofsani
01,mt,Affrika tal-Lvant
01,mt,Affrika tal-Punent
01,mt,Affrika ta’ Fuq
01,mt,Affrika t’Isfel
01,mt,Amerika
01,mt,Amerika Ċentrali
01,my,တောင်ပိုင်း အာဖရိက
01,my,မြောက်ပိုင်း အာဖရိက
01,my,အနောက် အာဖရိက
01,my,အမေရိကများ
01,my,အရှေ့ပိုင်း အာဖရိက
01,my,အလယ်ပိုင်း အမေရိက
01,my,အလယ်ပိုင်း အာဖရိက
01,nb,Amerika
01,nb,Nord-Afrika
01,nb,Sentral-Afrika
01,nb,Sentral-Amerika
01,nb,Sørlige Afrika
01,nb,Vest-Afrika
01,nb,Øst-Afrika
01,nds,Amerika
01,nds,Middelamerika
01,nds,Noordafrika
01,nds,Oostafrika
01,nds,Süüdlich Afrika
01,nds,Westafrika
01,nds,Zentralafrika
01,ne,अमेरिकास
01,ne,उत्तरी अफ्रिका
01,ne,केन्द्रीय अमेरिका
01,ne,दक्षिणी अफ्रिका
01,ne,पश्चिमी अफ्रिका
01,ne,पूर्वी अफ्रिका
01,ne,मध्य अफ्रिका
01,nl,Amerika
01,nl,Centraal-Afrika
01,nl,Midden-Amerika
01,nl,Noord-Afrika
01,nl,Oost-Afrika
01,nl,West-Afrika
01,nl,Zuidelijk Afrika
01,nn,Amerika
01,nn,Aust-Afrika
01,nn,Nord-Afrika
01,nn,Sentral-Afrika
01,nn,Sentral-Amerika
01,nn,Sørlege Afrika
01,nn,Vest-Afrika
01,oc,America centrala
01,oc,Americas
01,or,ଆମେରିକାସ୍
01,or,ଉତ୍ତର ଆଫ୍ରିକା
01,or,ଦକ୍ଷିଣସ୍ଥ ଆଫ୍ରିକା
01,or,ପଶ୍ଚିମ ଆଫ୍ରିକା
01,or,ପୂର୍ବ ଆଫ୍ରିକା
01,or,ମଧ୍ୟ ଆଫ୍ରିକା
01,or,ମଧ୍ୟ ଆମେରିକା
01,pl,Afryka Północna
01,pl,Afryka Południowa
01,pl,Afryka Środkowa
01,pl,Afryka Wschodnia
01,pl,Afryka Zachodnia
01,pl,Ameryka
01,pl,Ameryka Środkowa
01,pt,África Austral
01,pt,África Central
01,pt,África do Norte
01,pt,África Ocidental
01,pt,África Oriental
01,pt,América Central
01,pt,Américas
01,ro,Africa Centrală
01,ro,Africa Meridională
01,ro,Africa Occidentală
01,ro,Africa Orientală
01,ro,Africa Septentrională
01,ro,America Centrală
01,ro,Americi
01,ru,Восточная Африка
01,ru,Западная Африка
01,ru,Северная Африка
01,ru,Центральная Америка
01,ru,Центральная Африка
01,ru,Центральная и Южная Америка
01,ru,Южная Африка [018]
01,se,Amerihkká
01,se,davvi-Afrihkká
01,se,gaska-Afrihkká
01,se,gaska-Amerihkká
01,se,mátta-Afrihkká
01,se,nuorta-Afrihkká
01,se,oarji-Afrihkká
01,sk,Americký kontinent
01,sk,Južná Afrika [018]
01,sk,Severná Afrika
01,sk,Stredná Afrika
01,sk,Stredná Amerika
01,sk,Východná Afrika
01,sk,Západná Afrika
01,sl,Amerike
01,sl,Južna Afrika
01,sl,Severna Afrika
01,sl,Srednja Afrika
01,sl,Srednja Amerika
01,sl,Vzhodna Afrika
01,sl,Zahodna Afrika
01,so,Afrikada Bari
01,sr,Јужна Африка
01,sr,Америке
01,sr,Западна Африка
01,sr,Источна Африка
01,sr,Северна Африка
01,sr,Централна Америка
01,sr,Централна Африка
01,sv,Centralafrika
01,sv,Centralamerika
01,sv,Nord- och Sydamerika
01,sv,Nordafrika
01,sv,Östafrika
01,sv,södra Afrika
01,sv,Västafrika
01,ta,அமெர்க்காஸ்
01,ta,கிழக்கு ஆப்ரிக்கா
01,ta,தென்னாப்ரிக்கா
01,ta,மத்திய அமெரிக்கா
01,ta,மத்திய ஆப்ரிக்கா
01,ta,மேற்கு ஆப்ரிக்கா
01,ta,வடக்கு ஆப்ரிக்கா
01,te,అమెరికాలు
01,te,ఉత్తర ఆఫ్రికా
01,te,తూర్పు ఆఫ్రికా
01,te,దక్షిణ ఆఫ్రికా
01,te,పడమటి ఆఫ్రికా
01,te,మధ్యమ అమెరికా
01,te,మధ్యమ ఆఫ్రికా
01,th,อเมริกา
01,th,อเมริกากลาง
01,th,แอฟริกากลาง
01,th,แอฟริกาตะวันตก
01,th,แอฟริกาตะวันออก
01,th,แอฟริกาเหนือ
01,th,แอฟริกาใต้ [018]
01,to,Ongo ʻAmelika
01,to,ʻAfelika fakatonga
01,to,ʻAfelika hahake
01,to,ʻAfelika hihifo
01,to,ʻAfelika lotoloto
01,to,ʻAfelika tokelau
01,to,ʻAmelika lotoloto
01,tr,Afrika'nın Güneyi
01,tr,Amerika
01,tr,Batı Afrika
01,tr,Doğu Afrika
01,tr,Kuzey Afrika
01,tr,Orta Afrika
01,tr,Orta Amerika
01,uk,Америки
01,uk,Західна Африка
01,uk,Південна Африка
01,uk,Північна Африка
01,uk,Східна Африка
01,uk,Центральна Америка
01,uk,Центральна Африка
01,vi,Bắc Phi
01,vi,Châu Mỹ
01,vi,Miền Nam Châu Phi
01,vi,Tây Phi
01,vi,Trung Mỹ
01,vi,Trung Phi
01,vi,Đông Phí
01,zh,东非
01,zh,中美洲
01,zh,中非
01,zh,北非
01,zh,南部非洲
01,zh,美洲
01,zh,西非
02,af,Karibies
02,af,Noord-Amerika
02,am,ሰሜናዊ አሜሪካ
02,am,ካሪቢያን
02,ar,الكاريبي
02,ar,شمال أمريكا
02,az,021
02,az,Kariyıplar
02,be,ЗША і Канада
02,be,Карыбскія астравы
02,bg,Карибски о-ви
02,bg,Северна Америка
02,bn,উত্তরাঞ্চলীয় আমেরিকা
02,bn,ক্যারাবিয়ান
02,ca,Amèrica septentrional
02,ca,Carib
02,cs,Karibik
02,cs,Severní Amerika
02,cy,Gogledd America
02,cy,Y Caribî
02,da,Caribien
02,da,Det nordlige Amerika
02,de,Karibik
02,de,Nördliches Amerika
02,el,Βόρειος Αμερική
02,el,Καραϊβική
02,en,Caribbean
02,en,Northern America
02,es,Caribe
02,es,Norteamérica
02,et,Ameerika põhjaosa
02,et,Kariibi meri
02,fa,شمال امریکا
02,fa,کارائیب
02,fi,Karibia
02,fi,pohjoinen Amerikka
02,fil,Carribbean
02,fil,Hilagang Amerika
02,fo,Amerika nor∂ur Meksiko
02,fo,Karibia
02,fr,Amérique septentrionale
02,fr,Caraïbes
02,fur,Americhe setentrionâl
02,fur,caraibic
02,gl,América do Norte
02,gl,Caribe
02,gsw,Karibik
02,gsw,Nördlichs Ameerika
02,gu,ઉતરીય અમેરિકા
02,gu,કેરિબિયન
02,he,אמריקה הצפונית
02,he,קריביים
02,hi,उत्तरी अमेरिका
02,hi,कैरिबियन
02,hr,Karibi
02,hr,Sjeverna Amerika
02,hu,Amerika északi része
02,hu,Karib-térség
02,is,Ameríka norðan Mexikó
02,is,Karíbahaf
02,it,America del Nord
02,it,Caraibi
02,ja,カリブ海
02,ja,北アメリカ
02,ka,კარიბი
02,ka,ჩრდილოეთი ამერიკა
02,kn,ಅಮೇರಿಕಾದ ಉತ್ತರ ಭಾಗ
02,kn,ಕೆರೇಬಿಯನ್
02,ko,북부 아메리카
02,ko,카리브 해 제도
02,lt,Karibai
02,lt,Šiaurinė Amerika
02,lv,Amerikas ziemeļi
02,lv,Karību jūras reģions
02,mk,Кариби
02,mk,Северна континентална Америка
02,ml,കരീബിയന്‍
02,ml,വടക്കേ അമേരിക്ക
02,mr,उत्तरी अमेरिका
02,mr,कॅरीबियन
02,mt,Amerika Nòrdiku
02,mt,Karibew
02,my,ကာရီဘီယံ
02,my,မြောက်ပိုင်း အမေရိက
02,nb,Karibia
02,nb,Nordlige Amerika
02,nds,Karibik
02,ne,उत्तरी अमेरिका
02,ne,क्यारिबिएन
02,nl,Caribisch gebied
02,nl,Noordelijk Amerika
02,nn,Karibia
02,nn,nordlege Amerika
02,or,ଉତ୍ତରସ୍ଥ ଆମେରିକା
02,or,କାରିବିଆନ୍
02,pl,"Ameryka Północna - Kanada, USA"
02,pl,Karaiby
02,pt,América Setentrional
02,pt,Caribe
02,ro,America Septentrională
02,ro,Caraibe
02,ru,Карибы
02,ru,Северная Америка (021)
02,se,dávvi-Amerihkká
02,se,Karibia
02,sk,Karibik
02,sk,Severná Amerika
02,sl,Karibi
02,sl,severnoameriška celina
02,sr,Кариби
02,sr,Северна Америка
02,sv,Karibien
02,sv,norra Amerika
02,ta,கரீபியன்
02,ta,வடக்கு அமெரிக்கா
02,te,ఉత్తర అమెరికా
02,te,కరిబ్బియన్
02,th,อเมริกาตอนเหนือ
02,th,แคริบเบียน
02,to,Kalipea
02,to,ʻAmelika tonga ange
02,tr,Amerika'nın Kuzeyi
02,tr,Karayipler
02,uk,Карибський басейн
02,uk,Північна Америка
02,vi,Ca-ri-bê
02,vi,Miền Bắc Châu Mỹ
02,zh,加勒比海
02,zh,美洲北部
03,af,Oos-Asië
03,af,Suid-Asië
03,af,Suid-Europa
03,af,Suidoos-Asië
03,am,ምሥራቃዊ እስያ
03,am,ደቡባዊ አውሮፓ
03,am,ደቡብ-ምሥራቃዊ እስያ [030]
03,am,ደቡብ-ምሥራቃዊ እስያ [035]
03,ar,جنوب آسيا
03,ar,جنوب أوروبا
03,ar,جنوب شرق آسيا
03,ar,شرق آسيا
03,az,Cənub Asiya
03,az,Cənub Avropa
03,az,Cənub Şərq Asiya
03,az,Şərq Asiya
03,be,Паўднёва-Усходняя Азія
03,be,Паўднёвая Азія
03,be,Паўднёвая Еўропа
03,be,Усходняя Азія
03,bg,Източна Азия
03,bg,Югоизточна Азия
03,bg,Южна Азия
03,bg,Южна Европа
03,bn,দক্ষিণাঞ্চলীয় ইউরোপ
03,bn,দক্ষিণাঞ্চলীয় এশিয়া
03,bn,দক্ষিন পূর্ব এশিয়া
03,bn,পূর্ব এশিয়া
03,ca,Àsia meridional
03,ca,Àsia Oriental
03,ca,Àsia Sud-oriental
03,ca,Europa meridional
03,cs,Jihovýchodní Asie
03,cs,Jižní Asie
03,cs,Jižní Evropa
03,cs,Východní Asie
03,cy,De ddwyrain Asia
03,cy,De Ewrop
03,cy,Dwyrain Asia
03,da,Sydasien
03,da,Sydeuropa
03,da,Sydøstasien
03,da,Østasien
03,de,Ostasien
03,de,Südasien
03,de,Südeuropa
03,de,Südostasien
03,el,Ανατολική Ασία
03,el,Νότια Ασία
03,el,Νότια Ευρώπη
03,el,Νοτιοανατολική Ασία
03,en,Eastern Asia
03,en,South-Eastern Asia
03,en,Southern Asia
03,en,Southern Europe
03,es,Asia meridional
03,es,Asia oriental
03,es,Europa meridional
03,es,Sudeste asiático
03,et,Ida-Aasia
03,et,Kagu-Aasia
03,et,Lõuna-Aasia
03,et,Lõuna-Euroopa
03,fa,جنوب آسیا
03,fa,جنوب اروپا
03,fa,جنوب شرقی آسیا
03,fa,شرق آسیا
03,fi,Etelä-Aasia
03,fi,Etelä-Eurooppa
03,fi,Itä-Aasia
03,fi,Kaakkois-Aasia
03,fil,Katimugang Asya
03,fil,Katimugang Europa
03,fil,Silangang Asya
03,fil,Timog-Silangang Asya
03,fo,Eysturasia
03,fo,Suðurasia
03,fo,Suðurevropa
03,fo,Suðureysturasia
03,fr,Asie du Sud
03,fr,Asie du Sud-Est
03,fr,Asie orientale
03,fr,Europe méridionale
03,fur,Asie meridionâl
03,fur,Asie orientâl
03,fur,Asie sud orientâl
03,fur,Europe meridionâl
03,gl,Asia Oriental
03,gl,Europa Meridional
03,gl,Sul de Asia
03,gl,Sureste Asiático
03,gsw,Oschtaasie
03,gsw,Süüdaasie
03,gsw,Süüdeuropa
03,gsw,Süüdoschtaasie
03,gu,દક્ષિણ- પૂર્વ એશિયા
03,gu,દક્ષિણી એશિયા
03,gu,દક્ષિણી યૂરોપ
03,gu,પૂર્વીય એશિયા
03,he,דרום אירופה
03,he,דרום אסיה
03,he,דרום־מזרח אסיה
03,he,מזרח אסיה
03,hi,दक्षिण-पूर्व एशिया
03,hi,दक्षिणी एशिया
03,hi,दक्षिणी यूरोप
03,hi,पूर्वी एशिया
03,hr,Istočna Azija
03,hr,Jugoistočna Azija
03,hr,Južna Azija
03,hr,Južna Europa
03,hu,Dél-Ázsia
03,hu,Dél-Európa
03,hu,Délkelet-Ázsia
03,hu,Kelet-Ázsia
03,is,Austur-Asía
03,is,Suðaustur-Asía
03,is,Suður-Evrópa
03,is,suðurhluti Asíu
03,it,Asia del Sud
03,it,Asia orientale
03,it,Asia sudorientale
03,it,Europa del Sud
03,ja,南アジア
03,ja,南ヨーロッパ
03,ja,東アジア
03,ja,東南アジア
03,ka,აღმოსავლეთი აზია
03,ka,სამხრეთ-აღმოსავლეთი აზია
03,ka,სამხრეთი აზია
03,ka,სამხრეთი ევროპა
03,kn,ಆಗ್ನೇಯ ಏಷ್ಯಾ
03,kn,ಏಷ್ಯಾದ ದಕ್ಷಿಣ ಭಾಗ
03,kn,ಏಷ್ಯಾದ ಪೂರ್ವ ಭಾಗ
03,kn,ದಕ್ಷಿಣ ಯೂರೋಪ್
03,ko,남아시아
03,ko,남유럽
03,ko,동남 아시아
03,ko,동아시아
03,lt,Pietryčių Azija
03,lt,Pietų Azija
03,lt,Pietų Europa
03,lt,Rytų Azija
03,lv,Austrumāzija
03,lv,Centrālaustrumāzija
03,lv,Dienvidāzija
03,lv,Dienvideiropa
03,mk,Југоисточна Азија
03,mk,Јужна Азија
03,mk,Јужна Европа
03,mk,Источна Азија
03,ml,കിഴക്കന്‍ ഏഷ്യ
03,ml,തെക്കേ ഏഷ്യ
03,ml,തെക്കേ യൂറോപ്പ്
03,ml,തെക്ക്-കിഴക്കന്‍ ഏഷ്യ
03,mr,दक्षिण अशिया
03,mr,दक्षिण पूर्व अशिया
03,mr,दक्षिण युरोप
03,mr,पूर्व अशिया
03,mt,Asja tal-Lvant
03,mt,Asja tax-Xlokk
03,mt,Asja t’Isfel Ċentrali
03,mt,Ewropa t’Isfel
03,my,တောင်ပိုင်း အာရှ
03,my,တောင်ပိုင်း ဥရောပ
03,my,အရှေ့ပိုင်း အာရှ
03,my,အ‌ရှေ့တောင်ပိုင်း အာရှ
03,nb,Sør-Asia
03,nb,Sør-Europa
03,nb,Sørøst-Asia
03,nb,Øst-Asia
03,nds,Oostasien
03,nds,Süüdasien
03,nds,Süüdeuropa
03,nds,Süüdoostasien
03,ne,दक्षिण पूर्वी एशिया
03,ne,दक्षिणी एशिया
03,ne,दक्षिणी युरोप
03,ne,पूर्वी एशिया
03,nl,Oost-Azië
03,nl,Zuid-Azië
03,nl,Zuid-Europa
03,nl,Zuidoost-Azië
03,nn,Aust-Asia
03,nn,Sør-Asia
03,nn,Sør-Europa
03,nn,Søraust-Asia
03,or,ଦକ୍ଷିଣ ଏସିଆ
03,or,ଦକ୍ଷିଣ ୟୁରୋପ୍
03,or,ଦକ୍ଷିଣ-ପୂର୍ବ ଏସିଆ
03,or,ପୂର୍ବ ଏସିଆ
03,pl,Azja Południowa
03,pl,Azja Południowo-Wschodnia
03,pl,Azja Wschodnia
03,pl,Europa Południowa
03,pt,Ásia Centro-Oriental
03,pt,Ásia do Sul
03,pt,Ásia Oriental
03,pt,Europa do Sul
03,ro,Asia de Sud-Est
03,ro,Asia Meridională
03,ro,Asia Orientală
03,ro,Europa Meridională
03,ru,Восточная Азия
03,ru,Юго-Восточная Азия
03,ru,Южная Азия
03,ru,Южная Европа
03,se,mátta-Ásia
03,se,mátta-Eurohpá
03,se,mátta-nuorta-Ásia
03,se,nuorta-Ásia
03,sk,Juhovýchodná Ázia
03,sk,Južná Ázia
03,sk,Južná Európa
03,sk,Východná Ázia
03,sl,Jugovzhodna Azija
03,sl,Južna Azija
03,sl,Južna Evropa
03,sl,Vzhodna Azija
03,so,Aasiyada Bari
03,sr,Југоисточна Азија
03,sr,Јужна Азија
03,sr,Јужна Европа
03,sr,Источна Азија
03,sv,Östasien
03,sv,södra Asien
03,sv,Sydeuropa
03,sv,Sydostasien
03,ta,கிழக்கு ஆசியா
03,ta,தென்-கிழக்கு ஆசியா
03,ta,தெற்கு ஆசியா
03,ta,தெற்கு ஐரோப்பா
03,te,తూర్పు ఆశియా
03,te,దక్షిణ ఆశియా
03,te,దక్షిణ ఐరోపా
03,te,నైరుతి ఆశియా
03,th,ยุโรปใต้
03,th,เอเชียตะวันออก
03,th,เอเชียตะวันออกเฉียงใต้
03,th,เอเชียใต้
03,to,ʻĒsia hahake
03,to,ʻĒsia tonga
03,to,ʻĒsia tongahahake
03,to,ʻEulope tonga
03,tr,Doğu Asya
03,tr,Güney Asya
03,tr,Güney Avrupa
03,tr,Güney Doğu Asya
03,uk,Південна Європа
03,uk,Південна Азія
03,uk,Південно-Східна Азія
03,uk,Східна Азія
03,vi,Nam Á
03,vi,Nam Âu
03,vi,Đông Á
03,vi,Đông Nam Á
03,zh,东亚
03,zh,东南亚
03,zh,南亚
03,zh,南欧
05,af,Australië en Nieu-Seeland
05,af,Melanesië
05,am,ሚክሮኔዢያ [057]
05,am,ሜላኔሲያ
05,am,አውስትራሊያ እና ኒው ዚላንድ
05,ar,أستراليا ونيوزيلندا
05,ar,الجزر الميكرونيزية
05,ar,ميلانيزيا
05,az,Avstraliya və Yeni Zelandiya
05,az,Melanesya
05,az,Mikronesiya reqionu
05,be,Аўстралія і Новая Зэландыя
05,bg,Австралия и Нова Зеландия
05,bg,Меланезия
05,bg,Микронезия
05,bn,অস্ট্রেলিয়া এবং নিউজিল্যান্ড
05,bn,ম্যালেনিশা অঞ্চল
05,bn,ম্যালেনেশিয়া
05,bo,ཨསྟྲེ་ལི་ཡ་དང་། ནིའུ་ཛི་ལན྄ཌ།
05,ca,Austràlia i Nova Zelanda
05,ca,Melanèsia
05,ca,Regió de la Micronèsia
05,cs,Austrálie a Nový Zéland
05,cs,Melanésie
05,cs,Mikronésie
05,cy,Awstralia a Seland Newydd
05,cy,Melanesia
05,cy,Micronesia [057]
05,da,Australien og New Zealand
05,da,Melanesien
05,da,Mikronesien
05,de,Australien und Neuseeland
05,de,Melanesien
05,de,Mikronesisches Inselgebiet
05,el,Αυστραλία και Νέα Ζηλανδία
05,el,Μελανησία
05,el,Περιοχή Μικρονησίας
05,en,Australia and New Zealand
05,en,Melanesia
05,en,Micronesian Region
05,es,Australia y Nueva Zelanda
05,es,Melanesia
05,es,Micronesia [057]
05,et,Austraalia ja Uus-Meremaa
05,et,Melaneesia
05,et,Mikroneesia
05,fa,استرالیا و زلاند نو
05,fa,ملانزی
05,fa,ناحیهٔ میکرونزی
05,fi,Australia ja Uusi-Seelanti
05,fi,Melanesia
05,fi,Mikronesia
05,fil,Australia at New Zealand
05,fil,Melanesia
05,fil,Rehiyong Micronesia
05,fo,Avstralia og Nýsæland
05,fo,Melanesia
05,fo,Mikronesiske regionen
05,fr,Australie et Nouvelle-Zélande
05,fr,Mélanésie
05,fr,région micronésienne
05,fur,Australie e Gnove Zelande
05,fur,Melanesie
05,fur,Regjon de Micronesie
05,ga,An Astráil agus an Nua-Shéalainn
05,ga,An Mheilinéis
05,ga,An Réigiún Micrinéiseach
05,gl,Australia e Nova Celandia
05,gl,Melanesia
05,gl,Rexión da Micronesia
05,gsw,Auschtraalie und Nöiseeland
05,gsw,Melaneesie
05,gsw,Mikroneesischs Inselgebiet
05,gu,ઑસ્ટ્રેલિયા અને ન્યુઝીલેન્ડ
05,gu,માઇક્રોનેશિયન રીજન
05,gu,મેલાનેશિયા
05,he,אוסטרליה וניו־זילנד
05,he,אזור מיקרונזיה
05,he,מלנסיה
05,hi,ऑस्ट्रेलिया एवं न्यूजीलैंड
05,hi,माइक्रोनेशियन रीजन
05,hi,मेलानेशिया
05,hr,Australija i Novi Zeland
05,hr,Melanezija
05,hr,Mikronezki oblast
05,hu,Ausztrália és Új-Zéland
05,hu,Melanézia
05,hu,Mikronéziai régió
05,is,Ástralía og Nýja-Sjáland
05,is,Melanesía
05,is,Míkrónesía
05,it,Australia e Nuova Zelanda
05,it,Melanesia
05,it,Regione Micronesiana
05,ja,オーストラリア・ニュージーランド
05,ja,ミクロネシア地域
05,ja,メラネシア
05,ka,ავსტრალია და ახალი ზელანდია
05,ka,მელანეზია
05,ka,მირონეზია
05,kn,ಆಸ್ಟ್ರೇಲಿಯಾ ಹಾಗೂ ನ್ಯೂಝಿಲ್ಯಾಂಡ್
05,kn,ಮೇಲಿನೇಶಿಯಾ
05,kn,ಮೈಕ್ರೋನೇಶಿಯನ್ ಪ್ರದೇಶ
05,ko,멜라네시아
05,ko,미크로네시아 지역
05,ko,오스트레일리아와 뉴질랜드
05,lt,Australija ir Naujoji Zelandija
05,lt,Melanezija
05,lt,Mikronezijos regionas
05,lv,Austrālija un Jaunzēlande
05,lv,Melanēzija
05,lv,Mikronēzijas reģions
05,mk,Австралија и Нов Зеланд
05,mk,Меланезија
05,mk,Микронезиски регион
05,ml,ഓസ്ട്രേലിയയും ന്യൂസിലാന്‍ഡും
05,ml,മെലനേഷ്യ
05,ml,മൈക്രോനേഷ്യന്‍ പ്രദേശം
05,mr,ऑस्ट्रेलिया आणि न्यूझीलंड
05,mr,मायक्रोनेशियन रीजन
05,mr,मेलानेशिया
05,mt,Awstralja u New Zealand
05,mt,Melanesja
05,mt,Reġjun ta’ Mikroneżja
05,my,ဩစတြေးလျှ နှင့် နယူးဇီလန်
05,nb,Australia og New Zealand
05,nb,Melanesia
05,nb,Mikronesia
05,nds,Australien un Neeseeland
05,nds,Melanesien
05,ne,अष्ट्रेलिया र न्युजिल्याण्ड
05,ne,माइक्रोनेसियाली क्षेत्र
05,ne,मेलानेसिया
05,nl,Australië en Nieuw-Zeeland
05,nl,Melanesië
05,nl,Micronesische regio
05,nn,Australia og New Zealand
05,nn,Melanesia
05,nn,Mikronesia
05,oc,Austràlia e Nòva Zelanda
05,or,ଅଷ୍ଟ୍ରେଲିଆ ଏବଂ ନ୍ୟୁଜିଲ୍ୟାଣ୍ଡ
05,or,ମାଇକ୍ରୋନେସିଆନ୍ ଅଞ୍ଚଳ
05,or,ମେଲାନେସିଆ
05,pl,Australia i Nowa Zelandia
05,pl,Melanezja
05,pl,Mikronezja
05,pt,Austrália e Nova Zelândia
05,pt,Melanésia
05,pt,Região da Micronésia
05,ro,Australia și Noua Zeelandă
05,ro,Melanezia
05,ro,Regiunea Micronezia
05,ru,Австралия и Новая Зеландия
05,ru,Меланезия
05,ru,Микронезия
05,se,Austrália ja Ođđa-Selánda
05,se,Melanesia
05,sk,Austrália a Nový Zéland
05,sk,Melanézia
05,sk,Mikronésia
05,sl,Avstralija in Nova Zelandija
05,sl,Melanezija
05,sl,mikronezijska regija
05,sr,Аустралија и Нови Зеланд
05,sr,Меланезија
05,sr,Микронезијски регион
05,sv,Australien och Nya Zeeland
05,sv,Melanesien
05,sv,Mikronesiska öarna
05,ta,ஆஸ்திரேலியா மற்றும் நியூசிலாந்து
05,ta,மெலனேஷியா
05,ta,மைக்ரோ நேஷியா பிரதேசம்
05,te,ఆస్ట్రేలియా మరియు న్యూజిలాండ్
05,te,మెలనేశియ
05,te,మైక్రోనేశియ ప్రాంతం
05,th,ออสเตรเลียและนิวซีแลนด์
05,th,เขตไมโครนีเซีย
05,th,เมลานีเซีย
05,to,Melanisia
05,to,Potu fonua Mikolonisia
05,to,ʻAositelēlia mo Nuʻusila
05,tr,Avustralya ve Yeni Zelanda
05,tr,Melanezya
05,tr,Mikronezya
05,uk,Австралія та Нова Зеландія
05,uk,Мікронезійський регіон
05,uk,Меланезія
05,vi,Melanesia
05,vi,Úc và New Zealand
05,vi,Vùng Micronesian
05,zh,密克罗尼西亚
05,zh,澳大利亚和新西兰
05,zh,美拉尼西亚
06,af,Polinesië
06,am,ፖሊኔዢያ
06,ar,بولينيزيا
06,ar,جنوب وسط آسيا
06,az,Cənub Orta Asiya
06,az,Polineziya
06,be,Палінезія
06,be,Паўднёва-Цэнтральная Азія
06,bg,Полинезия
06,bg,Южна Азия [062]
06,bn,দক্ষিন মধ্য এশিয়া
06,bn,পলিনেশিয়া
06,ca,Àsia Sud-central
06,ca,Polinèsia
06,cs,Jižní a centrální Asie
06,cs,Polynésie
06,cy,De Canol Asia
06,cy,Polynesia
06,da,Polynesien
06,da,Sydcentralasien
06,de,Polynesien
06,de,Süd-Zentralasien
06,el,Νότια Κεντρική Ασία
06,el,Πολυνησία
06,en,Polynesia
06,en,South-Central Asia
06,es,Asia centromeridional
06,es,Polinesia
06,et,Kesk-Aasia lõunaosa
06,et,Polüneesia
06,fa,جنوب آسیا و آسیای میانه
06,fa,پلی‌نزی
06,fi,Etelä- ja Keski-Aasia
06,fi,Polynesia
06,fil,Polynesia
06,fil,Timog-Gitnang Asya
06,fo,Polynesia
06,fo,Suðursentralasia
06,fr,Asie centrale et du Sud
06,fr,Polynésie
06,fur,Polinesie
06,ga,An Pholainéis
06,gl,Asia do Sul-Centro
06,gl,Polinesia
06,gsw,Polineesie
06,gsw,Süüd-Zentraalaasie
06,gu,દક્ષિણ-મધ્ય એશિયા
06,gu,પોલિનેશિયા
06,he,דרום־מרכז אסיה
06,he,פולינזיה
06,hi,दक्षिण-मध्य एशिया
06,hi,पोलीनेशिया
06,hr,Južno-centralna Azija
06,hr,Polinezija
06,hu,Délközép-Ázsia
06,hu,Polinézia
06,is,Pólýnesía
06,is,Syðri-Mið-Asía
06,it,Asia centro-meridionale
06,it,Polinesia
06,ja,ポリネシア
06,ja,南中央アジア
06,ka,პოლინეზია
06,ka,სამხრეთ-ცენტრალური აზია
06,kn,ದಕ್ಷಿಣ-ಮಧ್ಯ ಏಷ್ಯಾ
06,kn,ಪೋಲಿನೇಶಿಯಾ
06,ko,중남 아시아
06,ko,폴리네시아
06,lt,Pietų vidurio Azija
06,lt,Polinezija
06,lv,Centrāldienvidāzija
06,lv,Polinēzija
06,mk,Јужно-централна Азија
06,mk,Полинезија
06,ml,ദക്ഷിണ-മദ്ധ്യ ഏഷ്യ
06,ml,പോളിനേഷ്യ
06,mr,दक्षिण-मध्य अशिया
06,mr,पॉलिनेशिया
06,mt,Polinesja
06,my,တောင်-အလယ် အာရှ
06,nb,Polynesia
06,nb,Sørsentral-Asia
06,nds,Polynesien
06,nds,Süüd-Zentralasien
06,ne,दक्षिण मध्य एशिया
06,ne,पोलिनेशिया
06,nl,Polynesië
06,nl,Zuidelijk Centraal-Azië
06,nn,Polynesia
06,nn,Sørlege Sentral-Asia
06,or,ଦକ୍ଷିଣ-ମଧ୍ୟ ଏସିଆ
06,or,ପଲିନେସିଆ
06,pl,Azja Południowo-Środkowa
06,pl,Polinezja
06,pt,Ásia Centro-Meridional
06,pt,Polinésia
06,ro,Asia Centrală de Sud
06,ro,Polinezia
06,ru,Полинезия
06,ru,Юг Средней Азии
06,se,mátta-gaska-Ásia
06,se,Polynesia
06,sk,Polynézia
06,sk,Stredná a južná Ázia
06,sl,Južna osrednja Azija
06,sl,Polinezija
06,sr,Јужно-централна Азија
06,sr,Полинезија
06,sv,Polynesien
06,sv,södra Centralasien
06,ta,பாலினேஷியா
06,ta,மத்திய-தெற்காசியா
06,te,దక్షిణ మధ్యమ ఆశియా
06,te,పాలినేషియా
06,th,เอเชียกลางตอนใต้
06,th,โปลินีเซีย
06,to,Polinisia
06,to,ʻĒsia tongalotoloto
06,tr,Güney Orta Asya
06,tr,Polinezya
06,uk,Південно-Центральна Азія
06,uk,Полінезія
06,vi,Polynesia
06,vi,Trung Nam Á
06,zh,中南亚
06,zh,玻利尼西亚
14,af,Asië
14,af,Sentraal-Asië
14,af,Wes-Asië
14,am,መካከለኛ አሜሪካ [143]
14,am,ምዕራባዊ እስያ
14,am,እስያ
14,ar,آسيا
14,ar,غرب آسيا
14,ar,وسط آسيا
14,az,Aziya
14,az,Orta Aziya
14,az,Qərb Asiya
14,be,Азія
14,be,Заходняя Азія
14,be,Цэнтральная Азія
14,bg,Азия
14,bg,Западна Азия
14,bg,Централна Азия
14,bn,এশিয়া
14,bn,পশ্চিমাঞ্চলীয় এশিয়া
14,bn,মধ্য এশিয়া
14,bo,ཨེ་ཤི་ཡ།
14,ca,Àsia
14,ca,Àsia Central
14,ca,Àsia Occidental
14,cs,Asie
14,cs,Střední Asie
14,cs,Západní Asie
14,cy,Asia
14,cy,Gorllewin Asia
14,da,Asien
14,da,Centralasien
14,da,Vestasien
14,de,Asien
14,de,Westasien
14,de,Zentralasien
14,el,Ασία
14,el,Δυτική Ασία
14,el,Κεντρική Ασία
14,en,Asia
14,en,Central Asia
14,en,Western Asia
14,es,Asia
14,es,Asia central
14,es,Asia occidental
14,et,Aasia
14,et,Kesk-Aasia
14,et,Lääne-Aasia
14,fa,آسیا
14,fa,آسیای مرکزی
14,fa,غرب آسیا
14,fi,Aasia
14,fi,Keski-Aasia
14,fi,Länsi-Aasia
14,fil,Asya
14,fil,Gitnang Asya
14,fil,Kanlurang Asya
14,fo,Asia
14,fo,Sentralasia
14,fo,Vesturasia
14,fr,Asie
14,fr,Asie centrale
14,fr,Asie occidentale
14,fur,Asie
14,fur,Asie centrâl
14,fur,Asie ocidentâl
14,ga,An Áise
14,ga,An Áise Láir
14,gl,Asia
14,gl,Asia Central
14,gl,Asia Occidental
14,gsw,Aasie
14,gsw,Weschtaasie
14,gsw,Zentraalaasie
14,gu,એશિયા
14,gu,પશ્ચિમ એશિયા
14,gu,મધ્ય એશિયા
14,he,אסיה
14,he,מערב אסיה
14,he,מרכז אסיה
14,hi,एशिया
14,hi,पश्चिमी ऐशिया
14,hi,मध्य एशिया
14,hr,Azija
14,hr,Srednja Azija
14,hr,Zapadna Azija
14,hu,Ázsia
14,hu,Közép-Ázsia
14,hu,Nyugat-Ázsia
14,is,Asía
14,is,Mið-Asía
14,is,vestur-Asía
14,it,Asia
14,it,Asia centrale
14,it,Asia occidentale
14,ja,アジア
14,ja,中央アジア
14,ja,西アジア
14,ka,აზია
14,ka,დასავლეთი აზია
14,ka,ცენტრალური აზია
14,kn,ಏಷ್ಯಾ
14,kn,ಪಶ್ಚಿಮ ಏಷ್ಯಾ
14,kn,ಮಧ್ಯ ಏಷ್ಯಾ
14,ko,서아시아
14,ko,아시아
14,ko,중앙 아시아
14,ln,Azía
14,lt,Azija
14,lt,Centrinė Azija
14,lt,Vakarų Azija
14,lv,Āzija
14,lv,Centrālāzija
14,lv,Rietumāzija
14,mk,Азија
14,mk,Западна Азија
14,mk,Централна Азија
14,ml,ഏഷ്യ
14,ml,പശ്ചിമേഷ്യ
14,ml,മദ്ധ്യേഷ്യ
14,mr,अशिया
14,mr,पश्चिम अशिया
14,mr,मध्य अशिया
14,mt,Asja
14,mt,Asja Ċentrali
14,mt,Asja tal-Punent
14,my,အနောက် အာရှ
14,my,အလယ် အာရှ
14,my,အာရှ
14,nb,Asia
14,nb,Sentral-Asia
14,nb,Vest-Asia
14,nds,Asien
14,nds,Westasien
14,nds,Zentralasien
14,ne,एशिया
14,ne,केन्द्रीय एशिया
14,ne,पश्चिमी एशिया
14,nl,Azië
14,nl,Centraal-Azië
14,nl,West-Azië
14,nn,Asia
14,nn,Sentral-Asia
14,nn,Vest-Asia
14,oc,Asia
14,oc,Asia centrala
14,or,ଏସିଆ
14,or,ପଶ୍ଚିମ ଏସିଆ
14,or,ମଧ୍ୟ ଏସିଆ
14,pl,Azja
14,pl,Azja Środkowa
14,pl,Azja Zachodnia
14,pt,Ásia
14,pt,Ásia Central
14,pt,Ásia Ocidental
14,ro,Asia
14,ro,Asia Centrală
14,ro,Asia Occidentală
14,ru,Азия
14,ru,Ближний и Средний Восток
14,ru,Средняя Азия
14,se,Ásia
14,se,gaska-Ásia
14,se,oarji-Ásia
14,sk,Ázia
14,sk,Stredná Ázia
14,sk,Západná Ázia
14,sl,Azija
14,sl,Osrednja Azija
14,sl,Zahodna Azija
14,sr,Азија
14,sr,Западна Азија
14,sr,Централна Азија
14,sv,Asien
14,sv,Centralasien
14,sv,Västasien
14,ta,ஆசியா
14,ta,மத்திய ஆசியா
14,ta,மேற்கு ஆசியா
14,te,ఆశియా
14,te,పడమటి ఆశియా
14,te,మధ్యమ ఆశియా
14,th,เอเชีย
14,th,เอเชียกลาง
14,th,เอเชียตะวันตก
14,to,ʻĒsia
14,to,ʻĒsia hihifo
14,to,ʻĒsia lotoloto
14,tr,Asya
14,tr,Batı Asya
14,tr,Orta Asya
14,uk,Азія
14,uk,Західна Азія
14,uk,Центральна Азія
14,vi,Châu Á
14,vi,Tây Á
14,vi,Trung Á
14,zh,中亚
14,zh,亚洲
14,zh,西亚
15,af,Europa
15,af,Noord-Europa
15,af,Oos-Europa
15,af,Wes-Europa
15,am,ምስራቃዊ አውሮፓ
15,am,ምዕራባዊ አውሮፓ
15,am,ሰሜናዊ አውሮፓ
15,am,አውሮፓ
15,ar,أوروبا
15,ar,شرق أوروبا
15,ar,شمال أوروبا
15,ar,غرب أوروبا
15,az,Avropa
15,az,Qərb Avropa
15,az,Şimal Avropa
15,az,Şərq Avropa
15,be,Еўропа
15,be,Заходняя Еўропа
15,be,Паўночная Еўропа
15,be,Усходняя Еўропа
15,bg,Европа
15,bg,Западна Европа
15,bg,Източна Европа
15,bg,Северна Европа
15,bn,ইউরোপ
15,bn,উত্তরাঞ্চলীয় ইউরোপ
15,bn,পশ্চিমাঞ্চলীয় ইউরোপ
15,bn,পূর্ব ইউরোপ
15,bo,ཡུ་རོབ།
15,ca,Europa
15,ca,Europa Occidental
15,ca,Europa Oriental
15,ca,Europa septentrional
15,cs,Evropa
15,cs,Severní Evropa
15,cs,Východní Evropa
15,cs,Západní Evropa
15,cy,Dwyrain Ewrop
15,cy,Ewrop
15,cy,Gogledd Ewrop
15,cy,Gorllewin Ewrop
15,da,Europa
15,da,Nordeuropa
15,da,Vesteuropa
15,da,Østeuropa
15,de,Europa
15,de,Nordeuropa
15,de,Osteuropa
15,de,Westeuropa
15,el,Ανατολική Ευρώπη
15,el,Βόρεια Ευρώπη
15,el,Δυτική Ευρώπη
15,el,Ευρώπη
15,en,Eastern Europe
15,en,Europe
15,en,Northern Europe
15,en,Western Europe
15,es,Europa
15,es,Europa occidental
15,es,Europa oriental
15,es,Europa septentrional
15,et,Euroopa
15,et,Ida-Euroopa
15,et,Lääne-Euroopa
15,et,Põhja-Euroopa
15,fa,اروپا
15,fa,شرق اروپا
15,fa,شمال اروپا
15,fa,غرب اروپا
15,fi,Eurooppa
15,fi,Itä-Eurooppa
15,fi,Länsi-Eurooppa
15,fi,Pohjois-Eurooppa
15,fil,Europa
15,fil,Hilagang Europa
15,fil,Kanlurang Europa
15,fil,Silangang Europa
15,fo,Evropa
15,fo,Eysturevropa
15,fo,Norðurevropa
15,fo,Vesturevropa
15,fr,Europe
15,fr,Europe occidentale
15,fr,Europe orientale
15,fr,Europe septentrionale
15,fur,Europe
15,fur,Europe ocidentâl
15,fur,Europe orientâl
15,fur,Europe setentrionâl
15,ga,An Eoraip
15,gl,Europa
15,gl,Europa do Leste
15,gl,Europa Occidental
15,gl,Europa Septentrional
15,gsw,Euroopa
15,gsw,Nordeuroopa
15,gsw,Oschteuroopa
15,gsw,Weschteuroopa
15,gu,ઉતરીય યૂરોપ
15,gu,પશ્ચિમ યૂરોપ
15,gu,પૂર્વીય યૂરોપ
15,gu,યૂરોપ
15,he,אירופה
15,he,מזרח אירופה
15,he,מערב אירופה
15,he,צפון אירופה
15,hi,उत्तरी यूरोप
15,hi,पश्चिमी यूरोप्
15,hi,पूर्वी यूरोप
15,hi,यूरोप
15,hr,Europa
15,hr,Istočna Europa
15,hr,Sjeverna Europa
15,hr,Zapadna Europa
15,hu,Észak-Európa
15,hu,Európa
15,hu,Kelet-Európa
15,hu,Nyugat-Európa
15,is,Austur-Evrópa
15,is,Evrópa
15,is,Norður-Evrópa
15,is,vestur-Evrópa
15,it,Europa
15,it,Europa del Nord
15,it,Europa occidentale
15,it,Europa orientale
15,ja,ヨーロッパ
15,ja,北ヨーロッパ
15,ja,東ヨーロッパ
15,ja,西ヨーロッパ
15,ka,აღმოსავლეთი ევროპა
15,ka,დასავლეთი ევროპა
15,ka,ევროპა
15,ka,ჩრდილოეთი ევროპა
15,kn,ಉತ್ತರ ಯೂರೋಪ್
15,kn,ಪಶ್ಚಿಮ ಯೂರೋಪ್
15,kn,ಪೂರ್ವ ಯೂರೋಪ್
15,kn,ಯೂರೋಪ್
15,ko,동유럽
15,ko,북유럽
15,ko,서유럽
15,ko,유럽
15,ln,Erópa
15,ln,Erópa ya límbe
15,ln,Erópa ya Nola
15,lt,Europa
15,lt,Rytų Europa
15,lt,Šiaurės Europa
15,lt,Vakarų Europa
15,lv,Austrumeiropa
15,lv,Eiropa
15,lv,Rietumeiropa
15,lv,Ziemeļeiropa
15,mk,Европа
15,mk,Западна Европа
15,mk,Источна Европа
15,mk,Северна Европа
15,ml,കിഴക്കന്‍ യൂറോപ്പ്
15,ml,പശ്ചിമ യൂറോപ്പ്
15,ml,യൂറോപ്പ്
15,ml,വടക്കേ യൂറോപ്പ്
15,mr,उत्तर युरोप
15,mr,पश्चिम युरोप
15,mr,पूर्व युरोप
15,mr,युरोप
15,mt,Ewropa
15,mt,Ewropa tal-Lvant
15,mt,Ewropa tal-Punent
15,mt,Ewropa ta’ Fuq
15,my,မြောက်ပိုင်း ဥရောပ
15,my,အနောက်ပိုင်း ဥရောပ
15,my,အရှေ့ပိုင်း ဥရောပ
15,my,ဥရောပ
15,nb,Europa
15,nb,Nord-Europa
15,nb,Vest-Europa
15,nb,Øst-Europa
15,nds,Europa
15,nds,Noordeuropa
15,nds,Oosteuropa
15,nds,Westeuropa
15,ne,उत्तरी युरोप
15,ne,पश्चिमी युरोप
15,ne,पूर्वी युरोप
15,ne,युरोप
15,nl,Europa
15,nl,Noord-Europa
15,nl,Oost-Europa
15,nl,West-Europa
15,nn,Aust-Europa
15,nn,Europa
15,nn,Nord-Europa
15,nn,Vest-Europa
15,oc,Euròpa
15,or,ଉତ୍ତର ୟୁରୋପ୍
15,or,ପଶ୍ଚିମ ୟୁରୋପ୍
15,or,ପୂର୍ବ ୟୁରୋପ୍
15,or,ୟୁରୋପ୍
15,pl,Europa
15,pl,Europa Północna
15,pl,Europa Wschodnia
15,pl,Europa Zachodnia
15,pt,Europa
15,pt,Europa Ocidental
15,pt,Europa Oriental
15,pt,Europa Setentrional
15,ro,Europa
15,ro,Europa Occidentală
15,ro,Europa Orientală
15,ro,Europa Septentrională
15,ru,Восточная Европа
15,ru,Европа
15,ru,Западная Европа
15,ru,Северная Европа
15,se,davvi-Eurohpá
15,se,Eurohpá
15,se,nuorta-Eurohpá
15,se,oarji-Eurohpá
15,sk,Európa
15,sk,Severná Európa
15,sk,Východná Európa
15,sk,Západná Európa
15,sl,Evropa
15,sl,Severna Evropa
15,sl,Vzhodna Evropa
15,sl,Zahodna Evropa
15,so,Yurubta Bari
15,sr,Европа
15,sr,Западна Европа
15,sr,Источна Европа
15,sr,Северна Европа
15,sv,Europa
15,sv,Nordeuropa
15,sv,Östeuropa
15,sv,Västeuropa
15,ta,ஈரோப்
15,ta,கிழக்கு ஐரோப்பா
15,ta,மேற்கு ஐரோப்பா
15,ta,வடக்கு ஐரோப்பா
15,te,ఉత్తర ఐరోపా
15,te,ఐరోపా
15,te,తూర్పు ఐరోపా
15,te,పడమటి ఐరోపా
15,th,ยุโรป
15,th,ยุโรปตะวันตก
15,th,ยุโรปตะวันออก
15,th,ยุโรปเหนือ
15,to,ʻEulope
15,to,ʻEulope hahake
15,to,ʻEulope hihifo
15,to,ʻEulope tokelau
15,tr,Avrupa
15,tr,Batı Avrupa
15,tr,Doğu Avrupa
15,tr,Kuzey Avrupa
15,uk,Європа
15,uk,Західна Європа
15,uk,Північна Європа
15,uk,Східна Європа
15,vi,Âu Châu
15,vi,Miền Bắc Châu Âu
15,vi,Tây Âu
15,vi,Đông Âu
15,zh,东欧
15,zh,北欧
15,zh,欧洲
15,zh,西欧
17,af,Statebond
17,ar,كومنولث الدول المستقلة
17,az,172
17,be,Садружнасць Незалежных Дзяржаў
17,bg,Общност на независимите държави
17,bn,স্বাধীন রাষ্ট্রের কমনওয়েলথ
17,ca,Comunitat d'Estats Independents
17,cs,Společenství nezávislých států
17,da,Sammenslutningen af uafhængige stater
17,de,Gemeinschaft Unabhängiger Staaten
17,el,Κοινοπολιτεία Ανεξαρτήτων Πολιτειών
17,en,Commonwealth of Independent States
17,es,Comunidad de Estados Independientes
17,et,Sõltumatute Riikide Ühendus
17,fa,کشورهای مستقل مشترک‌المنافع
17,fi,Itsenäisten valtioiden yhteisö
17,fr,Communauté des États indépendants
17,fur,Commonwealth dai stâts indipendents
17,ga,Comhlathas na Stát Neamhspleácha
17,gl,Comunidade de Estados Independentes
17,gsw,Gmäinschaft vo Unabhängige Schtaate
17,gu,સ્વતંત્ર રાષ્ટ્રનુ કોમનવેલ્થ
17,he,חבר המדינות העצמאיות
17,hi,कॉमनवेल्थ ऑफ इंडिपेंडेंट स्टेट्स
17,hr,Zajednica nezavisnih država
17,hu,Független Államok Közössége
17,is,Samveldi sjálfstæðra ríkja
17,it,Comunità di Stati Indipendenti
17,ja,独立国家共同体
17,ka,დამოუკიდებელ სახელმწიფოთა თანამეგობრობა
17,kn,ಸ್ವಂತಂತ್ರ್ಯ ರಾಷ್ಟ್ರಗಳ ಕಾಮನ್‌ವೆಲ್ತ್
17,ko,독립 국가 연합
17,lt,Nepriklausomų Valstybių Sandrauga
17,lv,Neatkarīgo Valstu Savienība
17,mk,Комонвелт на независни држави
17,ml,സ്വതന്ത്രരാഷ്ട്രങ്ങളുടെ കോമണ്‍‌വെല്‍ത്ത്
17,mr,स्वतंत्र राष्ट्रांचे कॉमनवेल्थ
17,mt,Commonwealth tal-Istati Independenti
17,my,လွတ်လပ်သော ပြည်ထောင်စုများ၏ ဓနသဟာယအဖွဲ့
17,nb,Samveldet av uavhengige stater
17,nds,Gemeenschop vun Unafhängige Staten
17,ne,कमनवेल्थका स्वतन्त्र राज्यहरू
17,nl,Gemenebest van Onafhankelijke Staten
17,nn,Samveldet av uavhengige statar
17,or,କମନୱେଲ୍ଥ ଅଫ୍ ଇଣ୍ଡିପେଣ୍ଡେଣ୍ଟ ଷ୍ଟେଟସ୍
17,pl,Wspólnota Niezależnych Państw
17,pt,Comunidade dos Estados Independentes
17,ro,Comunitatea Statelor Independente
17,ru,СНГ
17,sk,Spoločenstvo nezávislých štátov
17,sl,Skupnost neodvisnih držav
17,sr,Комонвелт независних држава
17,sv,Oberoende staters samvälde
17,ta,சுதந்திர மாநிலங்களின் காமன்வெல்த்
17,te,స్వతంత్ర రాష్ట్రాల కామన్ వెల్త్
17,th,เครือรัฐอิสระ
17,to,Komoniueli
17,tr,Bağımsız Devletler Topluluğu
17,uk,Співдружність Незалежних Держав
17,zh,独联体
20,bn,চেকোস্লোভাকিয়া
20,cs,Československo
20,en,Czechoslovakia
20,gu,ચેકોસ્લવાકિયા
20,hi,चेकोस्लवाकिया
20,kn,ಜೆಕೊಸ್ಲೋವಾಕಿಯಾ
20,lt,Čekoslovakija
20,ml,ചെക്കോസ്ലോവാക്യ
20,mr,झेकोस्लवाकिया
20,or,ଚେକୋସ୍ଲୋଭିଆ
20,sk,Československo
20,ta,செகோஸ்லோவாக்யா
20,te,చెకస్లొవేకియ
41,ar,أمريكا اللاتينية و الكاريبي
41,az,Latın Amerikası və Kariblər
41,bg,Латинска Америка и Карибски басейн
41,bn,ল্যাটিন আমেরিকা এবং ক্যারাবিয়ান
41,ca,Amèrica Llatina i Carib
41,cs,Latinská Amerika a Karibské moře
41,da,Latinamerika og Caribien
41,de,Lateinamerika und Karibik
41,el,Λατινική Αμερική και Καραϊβική
41,en,Latin America and the Caribbean
41,es,Latinoamérica y el Caribe
41,et,Ladina-Ameerika ja Kariibi meri
41,fa,امریکای لاتین و کارائیب
41,fi,Latinalainen Amerikka ja Karibia
41,fil,Latin America at ang Caribbean
41,fo,Latínamerika og Karibia
41,fr,Amérique latine et Caraïbes
41,fur,Americhe latine e caraibiche
41,ga,Meiriceá Laidineach agus an Mhuir Chairib
41,gl,América Latina e o Caribe
41,gsw,Latiinameerika und Karibik
41,gu,લેટિન અમેરિકા અને કેરીબિયન
41,he,אמריקה הלטינית והקריביים
41,hi,लेटिन अमेरिका और कैरिबियन
41,hr,Latinska Amerika i Karibi
41,hu,Latin-Amerika és a Karib-térség
41,is,Latín-Ameríka og Karíbahaf
41,it,America Latina e Caraibi
41,ja,ラテンアメリカ・カリブ地域
41,ka,ლათინური ამერიკა და კარიბი
41,kn,ಲ್ಯಾಟಿನ್ ಅಮೇರಿಕಾ ಮತ್ತು ಕೆರಿಬಿಯನ್
41,ko,라틴 아메리카 및 카리브 해 제도
41,lt,Lotynų Amerika ir Karibai
41,lv,Latīņamerika un Karību jūras reģions
41,mk,Латинска Америка и Карибите
41,ml,ലാറ്റിനമേരിക്കയും കരീബിയനും
41,mr,लॅटिन अमेरिका आणि कॅरीबियन
41,mt,Amerika Latina u l-Karibew
41,my,လက်တင် အမေရိက နှင့် ကာရီဘီယန်
41,nb,Latin-Amerika og Karibia
41,nds,Latienamerika un Karibik
41,ne,ल्याटिन अमेरिका तथा क्यारिबियन
41,nl,Latijns-Amerika en het Caribisch gebied
41,nn,Latin-Amerika og Karibia
41,or,ଲାଟିନ୍ ଆମେରିକା ଏବଂ କାରିବିଆନ୍
41,pl,Ameryka Łacińska i Karaiby
41,pt,América Latina e Caribe
41,ro,America Latină și Caraibe
41,ru,Латинская Америка и Карибские о-ва
41,se,Lulli-Amerihkká ja Karibia
41,sk,Latinská Amerika a Karibik
41,sl,Latinska Amerika in Karibi
41,sr,Латинска Америка и Кариби
41,sv,Latinamerika och Karibien
41,ta,லத்தீன் அமெரிக்கா மற்றும் கரீபியன்
41,te,లాటిన్ అమెరికా మరియు కేరబ్బియన్
41,th,ละตินอเมริกาและแคริบเบียน
41,to,ʻAmelika fakalatina mo Kalipea
41,tr,Latin Amerika ve Karayipler
41,uk,Латинська Америка і Карибський басейн
41,vi,Châu Mỹ La-tinh và Ca-ri-be
41,zh,拉丁美洲和加勒比海
83,bg,Нормандски о-ви
83,bn,চ্যানেল দ্বীপপুঞ্জ
83,cs,Normanské ostrovy
83,cy,Ynysoedd y Sianel
83,de,Kanalinseln
83,el,Νησιά Τσάνελ
83,en,Channel Islands
83,fi,Kanaalisaaret
83,fr,Îles Anglo-normandes
83,gsw,Kanaalinsle
83,gu,ચેનલ આઇલન્ડ્સ
83,he,איי התעלה
83,hi,चैनल द्वीपसमूह
83,hr,Kanalski otoci
83,hu,Csatorna-szigetek
83,is,Ermasundseyjar
83,ja,チャネル諸島
83,kn,ಛಾನೆಲ್ ದ್ವೀಪಗಳು
83,ml,ചാനല്‍ ദ്വീപുകള്‍
83,mr,चॅनल बेटे
83,mt,Gżejjer tal-Kanal Ingliż
83,nl,Kanaaleilanden
83,nn,Kanaløyane
83,or,ଚାନେଲ୍ ଆଇଲ୍ୟାଣ୍ଡ
83,pl,Wyspy Normandzkie
83,ro,Insulele Anglo-Normande
83,ru,Нормандские острова
83,sk,Kanál La Manche
83,sl,Kanalski otoki
83,sr,Каналска острва
83,sv,Kanalöarna
83,ta,சேனல் தீவுகள்
83,te,చానెల్ దీవులు
83,th,หมู่เกาะแชนเนล
83,tr,Kanal Adaları
83,uk,Нормандські острови
83,zh,海峡群岛