
{ "head": { "link": [], "vars": ["countryName", "capitalName"] },
  "results": { "distinct": false, "ordered": true, "bindings": [
    { "countryName": { "type": "literal", "xml:lang": "en", "value": "Abkhazia" }	, "capitalName": { "type": "literal", "xml:lang": "en", "value": "Sukhumi" }},
    { "countryName": { "type": "literal", "xml:lang": "en", "value": "Abyei" }	, "capitalName": { "type": "literal", "xml:lang": "en", "value": "Abyei (town)" }},
    { "countryName": { "type": "literal", "xml:lang": "en", "value": "Adjara" }	, "capitalName": { "type": "literal", "xml:lang": "en", "value": "Batumi" }},
    { "countryName": { "type": "literal", "xml:lang": "en", "value": "Aerican Empire" }	, "capitalName": { "type": "literal", "xml:lang": "en", "value": "Canada" }},
    { "countryName": { "type": "literal", "xml:lang": "en", "value": "Aerican Empire" }	, "capitalName": { "type": "literal", "xml:lang": "en", "value": "Montreal" }},
    { "countryName": { "type": "literal", "xml:lang": "en", "value": "Afghanistan" }	, "capitalName": { "type": "literal", "xml:lang": "en", "value": "Kabul" }},
    { "countryName": { "type": "literal", "xml:lang": "en", "value": "Akrotiri and Dhekelia" }	, "capitalName": { "type": "literal", "xml:lang": "en", "value": "Episkopi Cantonment" }},
    { "countryName": { "type": "literal", "xml:lang": "en", "value": "Albania" }	, "capitalName": { "type": "literal", "xml:lang": "en", "value": "Tirana" }},
    { "countryName": { "type": "literal", "xml:lang": "en", "value": "Alderney" }	, "capitalName": { "type": "literal", "xml:lang": "en", "value": "Saint Anne, Alderney" }},
    { "countryName": { "type": "literal", "xml:lang": "en", "value": "Algeria" }	, "capitalName": { "type": "literal", "xml:lang": "en", "value": "Algiers" }},
    { "countryName": { "type": "literal", "xml:lang": "en", "value": "American Samoa" }	, "capitalName": { "type": "literal", "xml:lang": "en", "value": "Fagatogo" }},
    { "countryName": { "type": "literal", "xml:lang": "en", "value": "American Samoa" }	, "capitalName": { "type": "literal", "xml:lang": "en", "value": "Pago Pago" }},
    { "countryName": { "type": "literal", "xml:lang": "en", "value": "Andorra" }	, "capitalName": { "type": "literal", "xml:lang": "en", "value": "Andorra la Vella" }},
    { "countryName": { "type": "literal", "xml:lang": "en", "value": "Angola" }	, "capitalName": { "type": "literal", "xml:lang": "en", "value": "Luanda" }},
    { "countryName": { "type": "literal", "xml:lang": "en", "value": "Anguilla" }	, "capitalName": { "type": "literal", "xml:lang": "en", "value": "The Valley, Anguilla" }},
    { "countryName": { "type": "literal", "xml:lang": "en", "value": "Anjouan" }	, "capitalName": { "type": "literal", "xml:lang": "en", "value": "Moroni, Comoros" }},
    { "countryName": { "type": "literal", "xml:lang": "en", "value": "Antigua and Barbuda" }	, "capitalName": { "type": "literal", "xml:lang": "en", "value": "St. John's, Antigua and Barbuda" }},
    { "countryName": { "type": "literal", "xml:lang": "en", "value": "Argentina" }	, "capitalName": { "type": "literal", "xml:lang": "en", "value": "Buenos Aires" }},
    { "countryName": { "type": "literal", "xml:lang": "en", "value": "Aruba" }	, "capitalName": { "type": "literal", "xml:lang": "en", "value": "Oranjestad, Aruba" }},
    { "countryName": { "type": "literal", "xml:lang": "en", "value": "Ascension Island" }	, "capitalName": { "type": "literal", "xml:lang": "en", "value": "Georgetown, Ascension Island" }},
    { "countryName": { "type": "literal", "xml:lang": "en", "value": "Ashantiland" }	, "capitalName": { "type": "literal", "xml:lang": "en", "value": "Kumasi" }},
    { "countryName": { "type": "literal", "xml:lang": "en", "value": "Austenasia" }	, "capitalName": { "type": "literal", "xml:lang": "en", "value": "Carshalton" }},
    { "countryName": { "type": "literal", "xml:lang": "en", "value": "Australia" }	, "capitalName": { "type": "literal", "xml:lang": "en", "value": "Canberra" }},
    { "countryName": { "type": "literal", "xml:lang": "en", "value": "Autonomous Province of Kosovo and Metohija" }	, "capitalName": { "type": "literal", "xml:lang": "en", "value": "Pristina" }},
    { "countryName": { "type": "literal", "xml:lang": "en", "value": "Autonomous Republic of Crimea" }	, "capitalName": { "type": "literal", "xml:lang": "en", "value": "Kherson" }},
    { "countryName": { "type": "literal", "xml:lang": "en", "value": "Bahrain" }	, "capitalName": { "type": "literal", "xml:lang": "en", "value": "Manama" }},
    { "countryName": { "type": "literal", "xml:lang": "en", "value": "Bangladesh" }	, "capitalName": { "type": "literal", "xml:lang": "en", "value": "Dhaka" }},
    { "countryName": { "type": "literal", "xml:lang": "en", "value": "Barbados" }	, "capitalName": { "type": "literal", "xml:lang": "en", "value": "Bridgetown" }},
    { "countryName": { "type": "literal", "xml:lang": "en", "value": "Barony of Caux" }	, "capitalName": { "type": "literal", "xml:lang": "en", "value": "Toronto" }},
    { "countryName": { "type": "literal", "xml:lang": "en", "value": "Belize" }	, "capitalName": { "type": "literal", "xml:lang": "en", "value": "Belmopan" }},
    { "countryName": { "type": "literal", "xml:lang": "en", "value": "Benin" }	, "capitalName": { "type": "literal", "xml:lang": "en", "value": "Porto-Novo" }},
    { "countryName": { "type": "literal", "xml:lang": "en", "value": "Bermuda" }	, "capitalName": { "type": "literal", "xml:lang": "en", "value": "Hamilton, Bermuda" }},
    { "countryName": { "type": "literal", "xml:lang": "en", "value": "Bhutan" }	, "capitalName": { "type": "literal", "xml:lang": "en", "value": "Thimphu" }},
    { "countryName": { "type": "literal", "xml:lang": "en", "value": "Bolivia" }	, "capitalName": { "type": "literal", "xml:lang": "en", "value": "Sucre" }},
    { "countryName": { "type": "literal", "xml:lang": "en", "value": "Botswana" }	, "capitalName": { "type": "literal", "xml:lang": "en", "value": "Gaborone" }},
    { "countryName": { "type": "literal", "xml:lang": "en", "value": "British Antarctic Territory" }	, "capitalName": { "type": "literal", "xml:lang": "en", "value": "London" }},
    { "countryName": { "type": "literal", "xml:lang": "en", "value": "British Antarctic Territory" }	, "capitalName": { "type": "literal", "xml:lang": "en", "value": "Rothera Research Station" }},
    { "countryName": { "type": "literal", "xml:lang": "en", "value": "British Indian Ocean Territory" }	, "capitalName": { "type": "literal", "xml:lang": "en", "value": "Diego Garcia" }},
    { "countryName": { "type": "literal", "xml:lang": "en", "value": "British Virgin Islands" }	, "capitalName": { "type": "literal", "xml:lang": "en", "value": "Road Town" }},
    { "countryName": { "type": "literal", "xml:lang": "en", "value": "Brunei" }	, "capitalName": { "type": "literal", "xml:lang": "en", "value": "Bandar Seri Begawan" }},
    { "countryName": { "type": "literal", "xml:lang": "en", "value": "Bunyoro" }	, "capitalName": { "type": "literal", "xml:lang": "en", "value": "Hoima" }},
    { "countryName": { "type": "literal", "xml:lang": "en", "value": "Burkina Faso" }	, "capitalName": { "type": "literal", "xml:lang": "en", "value": "Ouagadougou" }},
    { "countryName": { "type": "literal", "xml:lang": "en", "value": "Burma" }	, "capitalName": { "type": "literal", "xml:lang": "en", "value": "Naypyidaw" }},
    { "countryName": { "type": "literal", "xml:lang": "en", "value": "Burundi" }	, "capitalName": { "type": "literal", "xml:lang": "en", "value": "Bujumbura" }},
    { "countryName": { "type": "literal", "xml:lang": "en", "value": "CEN 1789" }	, "capitalName": { "type": "literal", "xml:lang": "en", "value": "Belgium" }},
    { "countryName": { "type": "literal", "xml:lang": "en", "value": "Cambodia" }	, "capitalName": { "type": "literal", "xml:lang": "en", "value": "Phnom Penh" }},
    { "countryName": { "type": "literal", "xml:lang": "en", "value": "Canada" }	, "capitalName": { "type": "literal", "xml:lang": "en", "value": "Ottawa" }},
    { "countryName": { "type": "literal", "xml:lang": "en", "value": "Cape Verde" }	, "capitalName": { "type": "literal", "xml:lang": "en", "value": "Praia" }},
    { "countryName": { "type": "literal", "xml:lang": "en", "value": "Carriacou and Petite Martinique" }	, "capitalName": { "type": "literal", "xml:lang": "en", "value": "Hillsborough, Carriacou" }},
    { "countryName": { "type": "literal", "xml:lang": "en", "value": "Cayman Islands" }	, "capitalName": { "type": "literal", "xml:lang": "en", "value": "George Town, Cayman Islands" }},
    { "countryName": { "type": "literal", "xml:lang": "en", "value": "Central African Republic" }	, "capitalName": { "type": "literal", "xml:lang": "en", "value": "Bangui" }},
    { "countryName": { "type": "literal", "xml:lang": "en", "value": "Chad" }	, "capitalName": { "type": "literal", "xml:lang": "en", "value": "N'Djamena" }},
    { "countryName": { "type": "literal", "xml:lang": "en", "value": "Chile" }	, "capitalName": { "type": "literal", "xml:lang": "en", "value": "Santiago" }},
    { "countryName": { "type": "literal", "xml:lang": "en", "value": "China" }	, "capitalName": { "type": "literal", "xml:lang": "en", "value": "Beijing" }},
    { "countryName": { "type": "literal", "xml:lang": "en", "value": "Christmas Island" }	, "capitalName": { "type": "literal", "xml:lang": "en", "value": "Flying Fish Cove" }},
    { "countryName": { "type": "literal", "xml:lang": "en", "value": "Cocos (Keeling) Islands" }	, "capitalName": { "type": "literal", "xml:lang": "en", "value": "West Island, Cocos (Keeling) Islands" }},
    { "countryName": { "type": "literal", "xml:lang": "en", "value": "Collectivity of Saint Martin" }	, "capitalName": { "type": "literal", "xml:lang": "en", "value": "Marigot, Saint Martin" }},
    { "countryName": { "type": "literal", "xml:lang": "en", "value": "Comoros" }	, "capitalName": { "type": "literal", "xml:lang": "en", "value": "Moroni, Comoros" }},
    { "countryName": { "type": "literal", "xml:lang": "en", "value": "Cook Islands" }	, "capitalName": { "type": "literal", "xml:lang": "en", "value": "Avarua" }},
    { "countryName": { "type": "literal", "xml:lang": "en", "value": "Cricket Samoa" }	, "capitalName": { "type": "literal", "xml:lang": "en", "value": "Apia" }},
    { "countryName": { "type": "literal", "xml:lang": "en", "value": "Cuba" }	, "capitalName": { "type": "literal", "xml:lang": "en", "value": "Havana" }},
    { "countryName": { "type": "literal", "xml:lang": "en", "value": "Cyprus" }	, "capitalName": { "type": "literal", "xml:lang": "en", "value": "Nicosia" }},
    { "countryName": { "type": "literal", "xml:lang": "en", "value": "Darfur" }	, "capitalName": { "type": "literal", "xml:lang": "en", "value": "Al-Fashir" }},
    { "countryName": { "type": "literal", "xml:lang": "en", "value": "Darfur Regional Authority" }	, "capitalName": { "type": "literal", "xml:lang": "en", "value": "Al-Fashir" }},
    { "countryName": { "type": "literal", "xml:lang": "en", "value": "Democratic Republic of the Congo" }	, "capitalName": { "type": "literal", "xml:lang": "en", "value": "Kinshasa" }},
    { "countryName": { "type": "literal", "xml:lang": "en", "value": "Djibouti" }	, "capitalName": { "type": "literal", "xml:lang": "en", "value": "Djibouti (city)" }},
    { "countryName": { "type": "literal", "xml:lang": "en", "value": "Dominica" }	, "capitalName": { "type": "literal", "xml:lang": "en", "value": "Roseau" }},
    { "countryName": { "type": "literal", "xml:lang": "en", "value": "Dominican Republic" }	, "capitalName": { "type": "literal", "xml:lang": "en", "value": "Santo Domingo" }},
    { "countryName": { "type": "literal", "xml:lang": "en", "value": "East Timor" }	, "capitalName": { "type": "literal", "xml:lang": "en", "value": "Dili" }},
    { "countryName": { "type": "literal", "xml:lang": "en", "value": "Ecuador" }	, "capitalName": { "type": "literal", "xml:lang": "en", "value": "Quito" }},
    { "countryName": { "type": "literal", "xml:lang": "en", "value": "Egypt" }	, "capitalName": { "type": "literal", "xml:lang": "en", "value": "Cairo" }},
    { "countryName": { "type": "literal", "xml:lang": "en", "value": "El Salvador" }	, "capitalName": { "type": "literal", "xml:lang": "en", "value": "San Salvador" }},
    { "countryName": { "type": "literal", "xml:lang": "en", "value": "England" }	, "capitalName": { "type": "literal", "xml:lang": "en", "value": "London" }},
    { "countryName": { "type": "literal", "xml:lang": "en", "value": "Equatorial Guinea" }	, "capitalName": { "type": "literal", "xml:lang": "en", "value": "Malabo" }},
    { "countryName": { "type": "literal", "xml:lang": "en", "value": "Eritrea" }	, "capitalName": { "type": "literal", "xml:lang": "en", "value": "Asmara" }},
    { "countryName": { "type": "literal", "xml:lang": "en", "value": "Ethiopia" }	, "capitalName": { "type": "literal", "xml:lang": "en", "value": "Addis Ababa" }},
    { "countryName": { "type": "literal", "xml:lang": "en", "value": "Falkland Islands" }	, "capitalName": { "type": "literal", "xml:lang": "en", "value": "Stanley, Falkland Islands" }},
    { "countryName": { "type": "literal", "xml:lang": "en", "value": "Federal Government of Somalia" }	, "capitalName": { "type": "literal", "xml:lang": "en", "value": "Mogadishu" }},
    { "countryName": { "type": "literal", "xml:lang": "en", "value": "Federated States of Micronesia" }	, "capitalName": { "type": "literal", "xml:lang": "en", "value": "Palikir" }},
    { "countryName": { "type": "literal", "xml:lang": "en", "value": "Federation of Bosnia and Herzegovina" }	, "capitalName": { "type": "literal", "xml:lang": "en", "value": "Sarajevo" }},
    { "countryName": { "type": "literal", "xml:lang": "en", "value": "Fiji" }	, "capitalName": { "type": "literal", "xml:lang": "en", "value": "Suva" }},
    { "countryName": { "type": "literal", "xml:lang": "en", "value": "French Fifth Republic" }	, "capitalName": { "type": "literal", "xml:lang": "en", "value": "Paris" }},
    { "countryName": { "type": "literal", "xml:lang": "en", "value": "French Polynesia" }	, "capitalName": { "type": "literal", "xml:lang": "en", "value": "Papeete" }},
    { "countryName": { "type": "literal", "xml:lang": "en", "value": "Gabon" }	, "capitalName": { "type": "literal", "xml:lang": "en", "value": "Libreville" }},
    { "countryName": { "type": "literal", "xml:lang": "en", "value": "Gagauzia" }	, "capitalName": { "type": "literal", "xml:lang": "en", "value": "Comrat" }},
    { "countryName": { "type": "literal", "xml:lang": "en", "value": "Galmudug" }	, "capitalName": { "type": "literal", "xml:lang": "en", "value": "Galkayo" }},
    { "countryName": { "type": "literal", "xml:lang": "en", "value": "Gay and Lesbian Kingdom of the Coral Sea Islands" }	, "capitalName": { "type": "literal", "xml:lang": "en", "value": "Cato Reef" }},
    { "countryName": { "type": "literal", "xml:lang": "en", "value": "Georgia (country)" }	, "capitalName": { "type": "literal", "xml:lang": "en", "value": "Tbilisi" }},
    { "countryName": { "type": "literal", "xml:lang": "en", "value": "Germany" }	, "capitalName": { "type": "literal", "xml:lang": "en", "value": "Berlin" }},
    { "countryName": { "type": "literal", "xml:lang": "en", "value": "Ghana" }	, "capitalName": { "type": "literal", "xml:lang": "en", "value": "Accra" }},
    { "countryName": { "type": "literal", "xml:lang": "en", "value": "Gibraltar" }	, "capitalName": { "type": "literal", "xml:lang": "en", "value": "Gibraltar national football team" }},
    { "countryName": { "type": "literal", "xml:lang": "en", "value": "Government of the Autonomous Republic of Abkhazia" }	, "capitalName": { "type": "literal", "xml:lang": "en", "value": "Sukhumi" }},
    { "countryName": { "type": "literal", "xml:lang": "en", "value": "Government of the Autonomous Republic of Abkhazia" }	, "capitalName": { "type": "literal", "xml:lang": "en", "value": "Tbilisi" }},
    { "countryName": { "type": "literal", "xml:lang": "en", "value": "Government of the Autonomous Republic of Abkhazia" }	, "capitalName": { "type": "literal", "xml:lang": "en", "value": "Chkhalta" }},
    { "countryName": { "type": "literal", "xml:lang": "en", "value": "Grand Duchy of Westarctica" }	, "capitalName": { "type": "literal", "xml:lang": "en", "value": "Peter I Island" }},
    { "countryName": { "type": "literal", "xml:lang": "en", "value": "Grande Comore" }	, "capitalName": { "type": "literal", "xml:lang": "en", "value": "Moroni, Comoros" }},
    { "countryName": { "type": "literal", "xml:lang": "en", "value": "Greece" }	, "capitalName": { "type": "literal", "xml:lang": "en", "value": "Athens" }},
    { "countryName": { "type": "literal", "xml:lang": "en", "value": "Grenada" }	, "capitalName": { "type": "literal", "xml:lang": "en", "value": "St. George's, Grenada" }},
    { "countryName": { "type": "literal", "xml:lang": "en", "value": "Guatemala" }	, "capitalName": { "type": "literal", "xml:lang": "en", "value": "Guatemala City" }},
    { "countryName": { "type": "literal", "xml:lang": "en", "value": "Guernsey" }	, "capitalName": { "type": "literal", "xml:lang": "en", "value": "Saint Peter Port" }},
    { "countryName": { "type": "literal", "xml:lang": "en", "value": "Guinea" }	, "capitalName": { "type": "literal", "xml:lang": "en", "value": "Conakry" }},
    { "countryName": { "type": "literal", "xml:lang": "en", "value": "Guinea-Bissau" }	, "capitalName": { "type": "literal", "xml:lang": "en", "value": "Bissau" }},
    { "countryName": { "type": "literal", "xml:lang": "en", "value": "Guyana" }	, "capitalName": { "type": "literal", "xml:lang": "en", "value": "Georgetown, Guyana" }},
    { "countryName": { "type": "literal", "xml:lang": "en", "value": "Haiti" }	, "capitalName": { "type": "literal", "xml:lang": "en", "value": "Port-au-Prince" }},
    { "countryName": { "type": "literal", "xml:lang": "en", "value": "Himan and Heeb" }	, "capitalName": { "type": "literal", "xml:lang": "en", "value": "Adado" }},
    { "countryName": { "type": "literal", "xml:lang": "en", "value": "Honduras" }	, "capitalName": { "type": "literal", "xml:lang": "en", "value": "Tegucigalpa" }},
    { "countryName": { "type": "literal", "xml:lang": "en", "value": "India" }	, "capitalName": { "type": "literal", "xml:lang": "en", "value": "New Delhi" }},
    { "countryName": { "type": "literal", "xml:lang": "en", "value": "Iran" }	, "capitalName": { "type": "literal", "xml:lang": "en", "value": "Tehran" }},
    { "countryName": { "type": "literal", "xml:lang": "en", "value": "Iraq" }	, "capitalName": { "type": "literal", "xml:lang": "en", "value": "Baghdad" }},
    { "countryName": { "type": "literal", "xml:lang": "en", "value": "Iraqi Kurdistan" }	, "capitalName": { "type": "literal", "xml:lang": "en", "value": "Erbil" }},
    { "countryName": { "type": "literal", "xml:lang": "en", "value": "Isle of Man" }	, "capitalName": { "type": "literal", "xml:lang": "en", "value": "Douglas, Isle of Man" }},
    { "countryName": { "type": "literal", "xml:lang": "en", "value": "Israel" }	, "capitalName": { "type": "literal", "xml:lang": "en", "value": "Jerusalem" }},
    { "countryName": { "type": "literal", "xml:lang": "en", "value": "Ivory Coast" }	, "capitalName": { "type": "literal", "xml:lang": "en", "value": "Yamoussoukro" }},
    { "countryName": { "type": "literal", "xml:lang": "en", "value": "Jamaica" }	, "capitalName": { "type": "literal", "xml:lang": "en", "value": "Kingston, Jamaica" }},
    { "countryName": { "type": "literal", "xml:lang": "en", "value": "Japan" }	, "capitalName": { "type": "literal", "xml:lang": "en", "value": "Tokyo" }},
    { "countryName": { "type": "literal", "xml:lang": "en", "value": "Jersey" }	, "capitalName": { "type": "literal", "xml:lang": "en", "value": "Saint Helier" }},
    { "countryName": { "type": "literal", "xml:lang": "en", "value": "Jordan" }	, "capitalName": { "type": "literal", "xml:lang": "en", "value": "Amman" }},
    { "countryName": { "type": "literal", "xml:lang": "en", "value": "Jubaland" }	, "capitalName": { "type": "literal", "xml:lang": "en", "value": "Bu'ale" }},
    { "countryName": { "type": "literal", "xml:lang": "en", "value": "Karakalpakstan" }	, "capitalName": { "type": "literal", "xml:lang": "en", "value": "Nukus" }},
    { "countryName": { "type": "literal", "xml:lang": "en", "value": "Kazakhstan" }	, "capitalName": { "type": "literal", "xml:lang": "en", "value": "Astana" }},
    { "countryName": { "type": "literal", "xml:lang": "en", "value": "Kenya" }	, "capitalName": { "type": "literal", "xml:lang": "en", "value": "Nairobi" }},
    { "countryName": { "type": "literal", "xml:lang": "en", "value": "Khatumo State" }	, "capitalName": { "type": "literal", "xml:lang": "en", "value": "Las Anod" }},
    { "countryName": { "type": "literal", "xml:lang": "en", "value": "Khemed" }	, "capitalName": { "type": "literal", "xml:lang": "en", "value": "Wadesdah" }},
    { "countryName": { "type": "literal", "xml:lang": "en", "value": "Kingdom of Dagbon" }	, "capitalName": { "type": "literal", "xml:lang": "en", "value": "Tamale, Ghana" }},
    { "countryName": { "type": "literal", "xml:lang": "en", "value": "Kingdom of the Netherlands" }	, "capitalName": { "type": "literal", "xml:lang": "en", "value": "Amsterdam" }},
    { "countryName": { "type": "literal", "xml:lang": "en", "value": "Kiribati" }	, "capitalName": { "type": "literal", "xml:lang": "en", "value": "South Tarawa" }},
    { "countryName": { "type": "literal", "xml:lang": "en", "value": "Kosovo" }	, "capitalName": { "type": "literal", "xml:lang": "en", "value": "Pristina" }},
    { "countryName": { "type": "literal", "xml:lang": "en", "value": "Kuwait" }	, "capitalName": { "type": "literal", "xml:lang": "en", "value": "Kuwait City" }},
    { "countryName": { "type": "literal", "xml:lang": "en", "value": "Kyrgyzstan" }	, "capitalName": { "type": "literal", "xml:lang": "en", "value": "Bishkek" }},
    { "countryName": { "type": "literal", "xml:lang": "en", "value": "Laos" }	, "capitalName": { "type": "literal", "xml:lang": "en", "value": "Vientiane" }},
    { "countryName": { "type": "literal", "xml:lang": "en", "value": "Lebanon" }	, "capitalName": { "type": "literal", "xml:lang": "en", "value": "Beirut" }},
    { "countryName": { "type": "literal", "xml:lang": "en", "value": "Lesotho" }	, "capitalName": { "type": "literal", "xml:lang": "en", "value": "Maseru" }},
    { "countryName": { "type": "literal", "xml:lang": "en", "value": "Liberia" }	, "capitalName": { "type": "literal", "xml:lang": "en", "value": "Monrovia" }},
    { "countryName": { "type": "literal", "xml:lang": "en", "value": "Libya" }	, "capitalName": { "type": "literal", "xml:lang": "en", "value": "Tripoli" }},
    { "countryName": { "type": "literal", "xml:lang": "en", "value": "List of Zambians" }	, "capitalName": { "type": "literal", "xml:lang": "en", "value": "Lusaka" }},
    { "countryName": { "type": "literal", "xml:lang": "en", "value": "Luxembourg" }	, "capitalName": { "type": "literal", "xml:lang": "en", "value": "Luxembourg (city)" }},
    { "countryName": { "type": "literal", "xml:lang": "en", "value": "Madagascar" }	, "capitalName": { "type": "literal", "xml:lang": "en", "value": "Antananarivo" }},
    { "countryName": { "type": "literal", "xml:lang": "en", "value": "Malawi" }	, "capitalName": { "type": "literal", "xml:lang": "en", "value": "Lilongwe" }},
    { "countryName": { "type": "literal", "xml:lang": "en", "value": "Malaysia" }	, "capitalName": { "type": "literal", "xml:lang": "en", "value": "Putrajaya" }},
    { "countryName": { "type": "literal", "xml:lang": "en", "value": "Malaysia" }	, "capitalName": { "type": "literal", "xml:lang": "en", "value": "Kuala Lumpur" }},
    { "countryName": { "type": "literal", "xml:lang": "en", "value": "Mali" }	, "capitalName": { "type": "literal", "xml:lang": "en", "value": "Bamako" }},
    { "countryName": { "type": "literal", "xml:lang": "en", "value": "Marshall Islands" }	, "capitalName": { "type": "literal", "xml:lang": "en", "value": "Majuro" }},
    { "countryName": { "type": "literal", "xml:lang": "en", "value": "Mauritania" }	, "capitalName": { "type": "literal", "xml:lang": "en", "value": "Nouakchott" }},
    { "countryName": { "type": "literal", "xml:lang": "en", "value": "Mauritius" }	, "capitalName": { "type": "literal", "xml:lang": "en", "value": "Port Louis" }},
    { "countryName": { "type": "literal", "xml:lang": "en", "value": "Mayotte" }	, "capitalName": { "type": "literal", "xml:lang": "en", "value": "Mamoudzou" }},
    { "countryName": { "type": "literal", "xml:lang": "en", "value": "Mexico" }	, "capitalName": { "type": "literal", "xml:lang": "en", "value": "Mexico City" }},
    { "countryName": { "type": "literal", "xml:lang": "en", "value": "Middle Saxons" }	, "capitalName": { "type": "literal", "xml:lang": "en", "value": "London" }},
    { "countryName": { "type": "literal", "xml:lang": "en", "value": "Mohegan Indian Tribe" }	, "capitalName": { "type": "literal", "xml:lang": "en", "value": "Uncasville, Connecticut" }},
    { "countryName": { "type": "literal", "xml:lang": "en", "value": "Monaco" }	, "capitalName": { "type": "literal", "xml:lang": "en", "value": "Monaco-Ville" }},
    { "countryName": { "type": "literal", "xml:lang": "en", "value": "Mongolia" }	, "capitalName": { "type": "literal", "xml:lang": "en", "value": "Ulan Bator" }},
    { "countryName": { "type": "literal", "xml:lang": "en", "value": "Montenegro" }	, "capitalName": { "type": "literal", "xml:lang": "en", "value": "Podgorica" }},
    { "countryName": { "type": "literal", "xml:lang": "en", "value": "Montserrat" }	, "capitalName": { "type": "literal", "xml:lang": "en", "value": "Brades" }},
    { "countryName": { "type": "literal", "xml:lang": "en", "value": "Montserrat" }	, "capitalName": { "type": "literal", "xml:lang": "en", "value": "Plymouth, Montserrat" }},
    { "countryName": { "type": "literal", "xml:lang": "en", "value": "Morocco" }	, "capitalName": { "type": "literal", "xml:lang": "en", "value": "Rabat" }},
    { "countryName": { "type": "literal", "xml:lang": "en", "value": "Mount Athos" }	, "capitalName": { "type": "literal", "xml:lang": "en", "value": "Karyes (Athos)" }},
    { "countryName": { "type": "literal", "xml:lang": "en", "value": "Mozambique" }	, "capitalName": { "type": "literal", "xml:lang": "en", "value": "Maputo" }},
    { "countryName": { "type": "literal", "xml:lang": "en", "value": "Mthwakazi" }	, "capitalName": { "type": "literal", "xml:lang": "en", "value": "Bulawayo" }},
    { "countryName": { "type": "literal", "xml:lang": "en", "value": "Murrawarri Republic" }	, "capitalName": { "type": "literal", "xml:lang": "en", "value": "Barringun, Queensland" }},
    { "countryName": { "type": "literal", "xml:lang": "en", "value": "Nagorno-Karabakh Republic" }	, "capitalName": { "type": "literal", "xml:lang": "en", "value": "Stepanakert" }},
    { "countryName": { "type": "literal", "xml:lang": "en", "value": "Nakhchivan Autonomous Republic" }	, "capitalName": { "type": "literal", "xml:lang": "en", "value": "Nakhchivan (city)" }},
    { "countryName": { "type": "literal", "xml:lang": "en", "value": "Namibia" }	, "capitalName": { "type": "literal", "xml:lang": "en", "value": "Windhoek" }},
    { "countryName": { "type": "literal", "xml:lang": "en", "value": "Nauru" }	, "capitalName": { "type": "literal", "xml:lang": "en", "value": "Yaren District" }},
    { "countryName": { "type": "literal", "xml:lang": "en", "value": "Nepal" }	, "capitalName": { "type": "literal", "xml:lang": "en", "value": "Kathmandu" }},
    { "countryName": { "type": "literal", "xml:lang": "en", "value": "Netherlands" }	, "capitalName": { "type": "literal", "xml:lang": "en", "value": "Amsterdam" }},
    { "countryName": { "type": "literal", "xml:lang": "en", "value": "Nevis" }	, "capitalName": { "type": "literal", "xml:lang": "en", "value": "Charlestown, Saint Kitts and Nevis" }},
    { "countryName": { "type": "literal", "xml:lang": "en", "value": "New Zealand" }	, "capitalName": { "type": "literal", "xml:lang": "en", "value": "Wellington" }},
    { "countryName": { "type": "literal", "xml:lang": "en", "value": "Nicaragua" }	, "capitalName": { "type": "literal", "xml:lang": "en", "value": "Managua" }},
    { "countryName": { "type": "literal", "xml:lang": "en", "value": "Niger" }	, "capitalName": { "type": "literal", "xml:lang": "en", "value": "Niamey" }},
    { "countryName": { "type": "literal", "xml:lang": "en", "value": "Nigeria" }	, "capitalName": { "type": "literal", "xml:lang": "en", "value": "Abuja" }},
    { "countryName": { "type": "literal", "xml:lang": "en", "value": "Niue" }	, "capitalName": { "type": "literal", "xml:lang": "en", "value": "Alofi, Niue" }},
    { "countryName": { "type": "literal", "xml:lang": "en", "value": "Norfolk Island" }	, "capitalName": { "type": "literal", "xml:lang": "en", "value": "Kingston, Norfolk Island" }},
    { "countryName": { "type": "literal", "xml:lang": "en", "value": "North Korea" }	, "capitalName": { "type": "literal", "xml:lang": "en", "value": "Pyongyang" }},
    { "countryName": { "type": "literal", "xml:lang": "en", "value": "Northern Cyprus" }	, "capitalName": { "type": "literal", "xml:lang": "en", "value": "North Nicosia" }},
    { "countryName": { "type": "literal", "xml:lang": "en", "value": "Northern Ireland" }	, "capitalName": { "type": "literal", "xml:lang": "en", "value": "Belfast" }},
    { "countryName": { "type": "literal", "xml:lang": "en", "value": "Northern Mariana Islands" }	, "capitalName": { "type": "literal", "xml:lang": "en", "value": "Capitol Hill, Saipan" }},
    { "countryName": { "type": "literal", "xml:lang": "en", "value": "Northern Region, Nigeria" }	, "capitalName": { "type": "literal", "xml:lang": "en", "value": "Kaduna" }},
    { "countryName": { "type": "literal", "xml:lang": "en", "value": "Northern Region, Nigeria" }	, "capitalName": { "type": "literal", "xml:lang": "en", "value": "Lokoja" }},
    { "countryName": { "type": "literal", "xml:lang": "en", "value": "Northern Region, Nigeria" }	, "capitalName": { "type": "literal", "xml:lang": "en", "value": "Zungeru" }},
    { "countryName": { "type": "literal", "xml:lang": "en", "value": "Novorossiya (confederation)" }	, "capitalName": { "type": "literal", "xml:lang": "en", "value": "Donetsk" }},
    { "countryName": { "type": "literal", "xml:lang": "en", "value": "Oman" }	, "capitalName": { "type": "literal", "xml:lang": "en", "value": "Muscat, Oman" }},
    { "countryName": { "type": "literal", "xml:lang": "en", "value": "Pakistan" }	, "capitalName": { "type": "literal", "xml:lang": "en", "value": "Islamabad" }},
    { "countryName": { "type": "literal", "xml:lang": "en", "value": "Palau" }	, "capitalName": { "type": "literal", "xml:lang": "en", "value": "Melekeok" }},
    { "countryName": { "type": "literal", "xml:lang": "en", "value": "Palau" }	, "capitalName": { "type": "literal", "xml:lang": "en", "value": "Ngerulmud" }},
    { "countryName": { "type": "literal", "xml:lang": "en", "value": "Panama" }	, "capitalName": { "type": "literal", "xml:lang": "en", "value": "Panama City" }},
    { "countryName": { "type": "literal", "xml:lang": "en", "value": "Papua New Guinea" }	, "capitalName": { "type": "literal", "xml:lang": "en", "value": "Port Moresby" }},
    { "countryName": { "type": "literal", "xml:lang": "en", "value": "Peru" }	, "capitalName": { "type": "literal", "xml:lang": "en", "value": "Lima" }},
    { "countryName": { "type": "literal", "xml:lang": "en", "value": "Philippines" }	, "capitalName": { "type": "literal", "xml:lang": "en", "value": "Manila" }},
    { "countryName": { "type": "literal", "xml:lang": "en", "value": "Pitcairn Islands" }	, "capitalName": { "type": "literal", "xml:lang": "en", "value": "Adamstown, Pitcairn Islands" }},
    { "countryName": { "type": "literal", "xml:lang": "en", "value": "Portuguese Empire" }	, "capitalName": { "type": "literal", "xml:lang": "en", "value": "Lisbon" }},
    { "countryName": { "type": "literal", "xml:lang": "en", "value": "Principality of Hutt River" }	, "capitalName": { "type": "literal", "xml:lang": "en", "value": "Nein" }},
    { "countryName": { "type": "literal", "xml:lang": "en", "value": "Principality of Sealand" }	, "capitalName": { "type": "literal", "xml:lang": "en", "value": "HM Fort Roughs" }},
    { "countryName": { "type": "literal", "xml:lang": "en", "value": "Principality of Seborga" }	, "capitalName": { "type": "literal", "xml:lang": "en", "value": "Seborga" }},
    { "countryName": { "type": "literal", "xml:lang": "en", "value": "Provisional Administrative Entity of South Ossetia" }	, "capitalName": { "type": "literal", "xml:lang": "en", "value": "Kurta (village)" }},
    { "countryName": { "type": "literal", "xml:lang": "en", "value": "Puerto Rico" }	, "capitalName": { "type": "literal", "xml:lang": "en", "value": "San Juan, Puerto Rico" }},
    { "countryName": { "type": "literal", "xml:lang": "en", "value": "Puntland" }	, "capitalName": { "type": "literal", "xml:lang": "en", "value": "Garoowe" }},
    { "countryName": { "type": "literal", "xml:lang": "en", "value": "Qatar" }	, "capitalName": { "type": "literal", "xml:lang": "en", "value": "Doha" }},
    { "countryName": { "type": "literal", "xml:lang": "en", "value": "Republic of Ireland" }	, "capitalName": { "type": "literal", "xml:lang": "en", "value": "Dublin" }},
    { "countryName": { "type": "literal", "xml:lang": "en", "value": "Republic of Lakotah" }	, "capitalName": { "type": "literal", "xml:lang": "en", "value": "Republic of Lakotah" }},
    { "countryName": { "type": "literal", "xml:lang": "en", "value": "Republic of the Congo" }	, "capitalName": { "type": "literal", "xml:lang": "en", "value": "Brazzaville" }},
    { "countryName": { "type": "literal", "xml:lang": "en", "value": "Republika Srpska" }	, "capitalName": { "type": "literal", "xml:lang": "en", "value": "Sarajevo" }},
    { "countryName": { "type": "literal", "xml:lang": "en", "value": "Republika Srpska" }	, "capitalName": { "type": "literal", "xml:lang": "en", "value": "Banja Luka" }},
    { "countryName": { "type": "literal", "xml:lang": "en", "value": "Rojava" }	, "capitalName": { "type": "literal", "xml:lang": "en", "value": "Qamishli" }},
    { "countryName": { "type": "literal", "xml:lang": "en", "value": "Ross Dependency" }	, "capitalName": { "type": "literal", "xml:lang": "en", "value": "Scott Base" }},
    { "countryName": { "type": "literal", "xml:lang": "en", "value": "Royal Lao Government in Exile" }	, "capitalName": { "type": "literal", "xml:lang": "en", "value": "Oregon" }},
    { "countryName": { "type": "literal", "xml:lang": "en", "value": "Royal Lao Government in Exile" }	, "capitalName": { "type": "literal", "xml:lang": "en", "value": "United States" }},
    { "countryName": { "type": "literal", "xml:lang": "en", "value": "Royal Lao Government in Exile" }	, "capitalName": { "type": "literal", "xml:lang": "en", "value": "Gresham, Oregon" }},
    { "countryName": { "type": "literal", "xml:lang": "en", "value": "Rwanda" }	, "capitalName": { "type": "literal", "xml:lang": "en", "value": "Kigali" }},
    { "countryName": { "type": "literal", "xml:lang": "en", "value": "Sahrawi Arab Democratic Republic" }	, "capitalName": { "type": "literal", "xml:lang": "en", "value": "Bir Lehlou" }},
    { "countryName": { "type": "literal", "xml:lang": "en", "value": "Saint Helena" }	, "capitalName": { "type": "literal", "xml:lang": "en", "value": "Jamestown, Saint Helena" }},
    { "countryName": { "type": "literal", "xml:lang": "en", "value": "Saint Helena, Ascension and Tristan da Cunha" }	, "capitalName": { "type": "literal", "xml:lang": "en", "value": "Jamestown, Saint Helena" }},
    { "countryName": { "type": "literal", "xml:lang": "en", "value": "Saint Kitts and Nevis" }	, "capitalName": { "type": "literal", "xml:lang": "en", "value": "Basseterre" }},
    { "countryName": { "type": "literal", "xml:lang": "en", "value": "Saint Lucia" }	, "capitalName": { "type": "literal", "xml:lang": "en", "value": "Castries" }},
    { "countryName": { "type": "literal", "xml:lang": "en", "value": "Saint Pierre and Miquelon" }	, "capitalName": { "type": "literal", "xml:lang": "en", "value": "Saint-Pierre, Saint Pierre and Miquelon" }},
    { "countryName": { "type": "literal", "xml:lang": "en", "value": "Saint Vincent and the Grenadines" }	, "capitalName": { "type": "literal", "xml:lang": "en", "value": "Kingstown" }},
    { "countryName": { "type": "literal", "xml:lang": "en", "value": "Samoa" }	, "capitalName": { "type": "literal", "xml:lang": "en", "value": "Apia" }},
    { "countryName": { "type": "literal", "xml:lang": "en", "value": "San Marino" }	, "capitalName": { "type": "literal", "xml:lang": "en", "value": "City of San Marino" }},
    { "countryName": { "type": "literal", "xml:lang": "en", "value": "Saudi Arabia" }	, "capitalName": { "type": "literal", "xml:lang": "en", "value": "Riyadh" }},
    { "countryName": { "type": "literal", "xml:lang": "en", "value": "Scotland" }	, "capitalName": { "type": "literal", "xml:lang": "en", "value": "Edinburgh" }},
    { "countryName": { "type": "literal", "xml:lang": "en", "value": "Seneca Nation of New York" }	, "capitalName": { "type": "literal", "xml:lang": "en", "value": "Irving, New York" }},
    { "countryName": { "type": "literal", "xml:lang": "en", "value": "Seneca Nation of New York" }	, "capitalName": { "type": "literal", "xml:lang": "en", "value": "Jimerson Town, New York" }},
    { "countryName": { "type": "literal", "xml:lang": "en", "value": "Senegal" }	, "capitalName": { "type": "literal", "xml:lang": "en", "value": "Dakar" }},
    { "countryName": { "type": "literal", "xml:lang": "en", "value": "Seychelles" }	, "capitalName": { "type": "literal", "xml:lang": "en", "value": "Victoria, Seychelles" }},
    { "countryName": { "type": "literal", "xml:lang": "en", "value": "Sierra Leone" }	, "capitalName": { "type": "literal", "xml:lang": "en", "value": "Freetown" }},
    { "countryName": { "type": "literal", "xml:lang": "en", "value": "Sint Maarten" }	, "capitalName": { "type": "literal", "xml:lang": "en", "value": "Philipsburg, Sint Maarten" }},
    { "countryName": { "type": "literal", "xml:lang": "en", "value": "Solomon Islands" }	, "capitalName": { "type": "literal", "xml:lang": "en", "value": "Honiara" }},
    { "countryName": { "type": "literal", "xml:lang": "en", "value": "Somalia" }	, "capitalName": { "type": "literal", "xml:lang": "en", "value": "Mogadishu" }},
    { "countryName": { "type": "literal", "xml:lang": "en", "value": "Somaliland" }	, "capitalName": { "type": "literal", "xml:lang": "en", "value": "Hargeisa" }},
    { "countryName": { "type": "literal", "xml:lang": "en", "value": "South Africa" }	, "capitalName": { "type": "literal", "xml:lang": "en", "value": "Pretoria" }},
    { "countryName": { "type": "literal", "xml:lang": "en", "value": "South Georgia and the South Sandwich Islands" }	, "capitalName": { "type": "literal", "xml:lang": "en", "value": "King Edward Point" }},
    { "countryName": { "type": "literal", "xml:lang": "en", "value": "South Korea" }	, "capitalName": { "type": "literal", "xml:lang": "en", "value": "Seoul" }},
    { "countryName": { "type": "literal", "xml:lang": "en", "value": "South Ossetia" }	, "capitalName": { "type": "literal", "xml:lang": "en", "value": "Tskhinvali" }},
    { "countryName": { "type": "literal", "xml:lang": "en", "value": "South Sudan" }	, "capitalName": { "type": "literal", "xml:lang": "en", "value": "Juba" }},
    { "countryName": { "type": "literal", "xml:lang": "en", "value": "Sovereign Military Order of Malta" }	, "capitalName": { "type": "literal", "xml:lang": "en", "value": "Rome" }},
    { "countryName": { "type": "literal", "xml:lang": "en", "value": "Sovereign Military Order of Malta" }	, "capitalName": { "type": "literal", "xml:lang": "en", "value": "Italy" }},
    { "countryName": { "type": "literal", "xml:lang": "en", "value": "Sovereign Military Order of Malta" }	, "capitalName": { "type": "literal", "xml:lang": "en", "value": "Palazzo Malta" }},
    { "countryName": { "type": "literal", "xml:lang": "en", "value": "Sri Lanka" }	, "capitalName": { "type": "literal", "xml:lang": "en", "value": "Colombo" }},
    { "countryName": { "type": "literal", "xml:lang": "en", "value": "Sri Lanka" }	, "capitalName": { "type": "literal", "xml:lang": "en", "value": "Sri Jayawardenepura Kotte" }},
    { "countryName": { "type": "literal", "xml:lang": "en", "value": "State of Palestine" }	, "capitalName": { "type": "literal", "xml:lang": "en", "value": "Jerusalem" }},
    { "countryName": { "type": "literal", "xml:lang": "en", "value": "State of Palestine" }	, "capitalName": { "type": "literal", "xml:lang": "en", "value": "East Jerusalem" }},
    { "countryName": { "type": "literal", "xml:lang": "en", "value": "Subanon people" }	, "capitalName": { "type": "literal", "xml:lang": "en", "value": "Zamboanga City" }},
    { "countryName": { "type": "literal", "xml:lang": "en", "value": "Sudan" }	, "capitalName": { "type": "literal", "xml:lang": "en", "value": "Khartoum" }},
    { "countryName": { "type": "literal", "xml:lang": "en", "value": "Suriname" }	, "capitalName": { "type": "literal", "xml:lang": "en", "value": "Paramaribo" }},
    { "countryName": { "type": "literal", "xml:lang": "en", "value": "Svalbard" }	, "capitalName": { "type": "literal", "xml:lang": "en", "value": "Longyearbyen" }},
    { "countryName": { "type": "literal", "xml:lang": "en", "value": "Syria" }	, "capitalName": { "type": "literal", "xml:lang": "en", "value": "Damascus" }},
    { "countryName": { "type": "literal", "xml:lang": "en", "value": "Taiwan" }	, "capitalName": { "type": "literal", "xml:lang": "en", "value": "Taipei" }},
    { "countryName": { "type": "literal", "xml:lang": "en", "value": "Tajikistan" }	, "capitalName": { "type": "literal", "xml:lang": "en", "value": "Dushanbe" }},
    { "countryName": { "type": "literal", "xml:lang": "en", "value": "Tanzania" }	, "capitalName": { "type": "literal", "xml:lang": "en", "value": "Dodoma" }},
    { "countryName": { "type": "literal", "xml:lang": "en", "value": "Thailand" }	, "capitalName": { "type": "literal", "xml:lang": "en", "value": "Bangkok" }},
    { "countryName": { "type": "literal", "xml:lang": "en", "value": "The Bahamas" }	, "capitalName": { "type": "literal", "xml:lang": "en", "value": "Nassau, Bahamas" }},
    { "countryName": { "type": "literal", "xml:lang": "en", "value": "The Gambia" }	, "capitalName": { "type": "literal", "xml:lang": "en", "value": "Banjul" }},
    { "countryName": { "type": "literal", "xml:lang": "en", "value": "Tokelau" }	, "capitalName": { "type": "literal", "xml:lang": "en", "value": "Atafu" }},
    { "countryName": { "type": "literal", "xml:lang": "en", "value": "Torres Strait Islands" }	, "capitalName": { "type": "literal", "xml:lang": "en", "value": "Thursday Island, Queensland" }},
    { "countryName": { "type": "literal", "xml:lang": "en", "value": "Torres Strait Regional Authority" }	, "capitalName": { "type": "literal", "xml:lang": "en", "value": "Thursday Island, Queensland" }},
    { "countryName": { "type": "literal", "xml:lang": "en", "value": "Transnistria" }	, "capitalName": { "type": "literal", "xml:lang": "en", "value": "Tiraspol" }},
    { "countryName": { "type": "literal", "xml:lang": "en", "value": "Tristan da Cunha" }	, "capitalName": { "type": "literal", "xml:lang": "en", "value": "Edinburgh of the Seven Seas" }},
    { "countryName": { "type": "literal", "xml:lang": "en", "value": "Tunisia" }	, "capitalName": { "type": "literal", "xml:lang": "en", "value": "Tunis" }},
    { "countryName": { "type": "literal", "xml:lang": "en", "value": "Turkey" }	, "capitalName": { "type": "literal", "xml:lang": "en", "value": "Ankara" }},
    { "countryName": { "type": "literal", "xml:lang": "en", "value": "Turkmenistan" }	, "capitalName": { "type": "literal", "xml:lang": "en", "value": "Ashgabat" }},
    { "countryName": { "type": "literal", "xml:lang": "en", "value": "Turks and Caicos Islands" }	, "capitalName": { "type": "literal", "xml:lang": "en", "value": "Cockburn Town" }},
    { "countryName": { "type": "literal", "xml:lang": "en", "value": "Tuvalu" }	, "capitalName": { "type": "literal", "xml:lang": "en", "value": "Funafuti" }},
    { "countryName": { "type": "literal", "xml:lang": "en", "value": "Twente" }	, "capitalName": { "type": "literal", "xml:lang": "en", "value": "Enschede" }},
    { "countryName": { "type": "literal", "xml:lang": "en", "value": "United Arab Emirates" }	, "capitalName": { "type": "literal", "xml:lang": "en", "value": "Abu Dhabi" }},
    { "countryName": { "type": "literal", "xml:lang": "en", "value": "United Kingdom" }	, "capitalName": { "type": "literal", "xml:lang": "en", "value": "London" }},
    { "countryName": { "type": "literal", "xml:lang": "en", "value": "United States" }	, "capitalName": { "type": "literal", "xml:lang": "en", "value": "Washington, D.C." }},
    { "countryName": { "type": "literal", "xml:lang": "en", "value": "United States Virgin Islands" }	, "capitalName": { "type": "literal", "xml:lang": "en", "value": "Charlotte Amalie, United States Virgin Islands" }},
    { "countryName": { "type": "literal", "xml:lang": "en", "value": "Upper Mustang" }	, "capitalName": { "type": "literal", "xml:lang": "en", "value": "Lo Manthang" }},
    { "countryName": { "type": "literal", "xml:lang": "en", "value": "Uruguay" }	, "capitalName": { "type": "literal", "xml:lang": "en", "value": "Montevideo" }},
    { "countryName": { "type": "literal", "xml:lang": "en", "value": "Uzbekistan" }	, "capitalName": { "type": "literal", "xml:lang": "en", "value": "Tashkent" }},
    { "countryName": { "type": "literal", "xml:lang": "en", "value": "Vanuatu" }	, "capitalName": { "type": "literal", "xml:lang": "en", "value": "Port Vila" }},
    { "countryName": { "type": "literal", "xml:lang": "en", "value": "Venezuela" }	, "capitalName": { "type": "literal", "xml:lang": "en", "value": "Caracas" }},
    { "countryName": { "type": "literal", "xml:lang": "en", "value": "Vietnam" }	, "capitalName": { "type": "literal", "xml:lang": "en", "value": "Hanoi" }},
    { "countryName": { "type": "literal", "xml:lang": "en", "value": "Vojvodina" }	, "capitalName": { "type": "literal", "xml:lang": "en", "value": "Novi Sad" }},
    { "countryName": { "type": "literal", "xml:lang": "en", "value": "Wa State" }	, "capitalName": { "type": "literal", "xml:lang": "en", "value": "Pangkham" }},
    { "countryName": { "type": "literal", "xml:lang": "en", "value": "Wales" }	, "capitalName": { "type": "literal", "xml:lang": "en", "value": "Cardiff" }},
    { "countryName": { "type": "literal", "xml:lang": "en", "value": "Wallis (island)" }	, "capitalName": { "type": "literal", "xml:lang": "en", "value": "Mata-Utu" }},
    { "countryName": { "type": "literal", "xml:lang": "en", "value": "Wallis and Futuna" }	, "capitalName": { "type": "literal", "xml:lang": "en", "value": "Mata-Utu" }},
    { "countryName": { "type": "literal", "xml:lang": "en", "value": "Yemen" }	, "capitalName": { "type": "literal", "xml:lang": "en", "value": "Sana'a" }},
    { "countryName": { "type": "literal", "xml:lang": "en", "value": "Zambia" }	, "capitalName": { "type": "literal", "xml:lang": "en", "value": "Lusaka" }},
    { "countryName": { "type": "literal", "xml:lang": "en", "value": "Zanzibar" }	, "capitalName": { "type": "literal", "xml:lang": "en", "value": "Zanzibar City" }},
    { "countryName": { "type": "literal", "xml:lang": "en", "value": "Zimbabwe" }	, "capitalName": { "type": "literal", "xml:lang": "en", "value": "Harare" }} ] } }