"name";"nativeName";"tld";"cca2";"ccn3";"cca3";"currency";"callingCode";"capital";"altSpellings";"relevance";"region";"subregion";"language";"languageCodes";"translations";"population";"latlng";"demonym";"borders"
"Afghanistan";"افغانستان";".af";"AF";"004";"AFG";"AFN";"93";"Kabul";"AF,Afġānistān";"0";"Asia";"Southern Asia";"Pashto,Dari";"ps,uz,tk";"Afghanistan,Afganistán,Afghanistan,Afghanistan,アフガニスタン,Afghanistan,Afganistan";"25500100";"33,65";"Afghan";"IRN,PAK,TKM,UZB,TJK,CHN"
"Åland Islands";"Åland";".ax";"AX";"248";"ALA";"EUR";"358";"Mariehamn";"AX,Aaland,Aland,Ahvenanmaa";"0";"Europe";"Northern Europe";"Swedish";"sv";"Åland,Alandia,Åland,Isole Aland,オーランド諸島,Ålandeilanden,Ålandski otoci";"28502";"60.116667,19.9";"Ålandish";""
"Albania";"Shqipëria";".al";"AL";"008";"ALB";"ALL";"355";"Tirana";"AL,Shqipëri,Shqipëria,Shqipnia";"0";"Europe";"Southern Europe";"Albanian";"sq";"Albanien,Albania,Albanie,Albania,アルバニア,Albanië,Albanija";"2821977";"41,20";"Albanian";"MNE,GRC,MKD,KOS"
"Algeria";"الجزائر";".dz";"DZ";"012";"DZA";"DZD";"213";"Algiers";"DZ,Dzayer,Algérie";"0";"Africa";"Northern Africa";"Arabic";"ar";"Algerien,Argelia,Algérie,Algeria,アルジェリア,Algerije,Alžir";"37900000";"28,3";"Algerian";"TUN,LDY,NER,ESH,MRT,MLI,MAR"
"American Samoa";"American Samoa";".as";"AS";"016";"ASM";"USD";"1684";"Pago Pago";"AS,Amerika Sāmoa,Amelika Sāmoa,Sāmoa Amelika";"0.5";"Oceania";"Polynesia";"English,Samoan";"en,sm";"Amerikanisch-Samoa,Samoa Americana,Samoa américaines,Samoa Americane,アメリカ領サモア,Amerikaans Samoa,Američka Samoa";"55519";"-14.33333333,-170";"American Samoan";""
"Andorra";"Andorra";".ad";"AD";"020";"AND";"EUR";"376";"Andorra la Vella";"AD,Principality of Andorra,Principat d'Andorra";"0.5";"Europe";"Southern Europe";"Catalan";"ca";"Andorra,Andorra,Andorre,Andorra,アンドラ,Andorra,Andora";"76246";"42.5,1.5";"Andorran";"FRA,ESP"
"Angola";"Angola";".ao";"AO";"024";"AGO";"AOA";"244";"Luanda";"AO,República de Angola,ʁɛpublika de an'ɡɔla";"0";"Africa";"Middle Africa";"Portuguese";"pt";"Angola,Angola,Angola,Angola,アンゴラ,Angola,Angola";"20609294";"-12.5,18.5";"Angolan";"COG,COD,ZMB,NAM"
"Anguilla";"Anguilla";".ai";"AI";"660";"AIA";"XCD";"1264";"The Valley";"AI";"0.5";"Americas";"Caribbean";"English";"en";"Anguilla,Anguilla,Anguilla,Anguilla,アンギラ,Anguilla,Angvila";"13452";"18.25,-63.16666666";"Anguillian";""
"Antarctica";"";".aq";"AQ";"010";"ATA";"";"";"";"AQ";"0";"";"";"";"";"Antarktis,Antártida,Antarctique,Antartide,南極,Antarctica,Antarktika";"-1";"-90,0";"";""
"Antigua and Barbuda";"Antigua and Barbuda";".ag";"AG";"028";"ATG";"XCD";"1268";"Saint John's";"AG";"0.5";"Americas";"Caribbean";"English";"en";"Antigua und Barbuda,Antigua y Barbuda,Antigua-et-Barbuda,Antigua e Barbuda,アンティグア・バーブーダ,Antigua en Barbuda,Antigva i Barbuda";"86295";"17.05,-61.8";"Antiguan, Barbudan";""
"Argentina";"Argentina";".ar";"AR";"032";"ARG";"ARS";"54";"Buenos Aires";"AR,Argentine Republic,República Argentina";"0";"Americas";"South America";"Spanish";"es,gn";"Argentinien,Argentina,Argentine,Argentina,アルゼンチン,Argentinië,Argentina";"40117096";"-34,-64";"Argentinean";"BOL,BRA,CHL,PRY,URY"
"Armenia";"Հայաստան";".am";"AM";"051";"ARM";"AMD";"374";"Yerevan";"AM,Hayastan,Republic of Armenia,Հայաստանի Հանրապետություն";"0";"Asia";"Western Asia";"Armenian";"hy,ru";"Armenien,Armenia,Arménie,Armenia,アルメニア,Armenië,Armenija";"3024100";"40,45";"Armenian";"AZE,GEO,IRN,TUR"
"Aruba";"Aruba";".aw";"AW";"533";"ABW";"AWG";"297";"Oranjestad";"AW";"0.5";"Americas";"Caribbean";"Dutch,Papiamento";"nl,pa";"Aruba,Aruba,Aruba,Aruba,アルバ,Aruba,Aruba";"101484";"12.5,-69.96666666";"Aruban";""
"Ascension Island";"Ascension Island";".ac";"SH";"654";"SHN";"SHP";"247";"Georgetown";"";"0";"Americas";"South America";"English";"en";"Ascension,Isla Ascensión,Île de l'Ascension,Isola di Ascensione,アセンション島,Ascension,Otok Ascension";"880";"-7.933333,-14.366667";"Saints";""
"Australia";"Australia";".au";"AU";"036";"AUS";"AUD";"61";"Canberra";"AU";"1.5";"Oceania";"Australia and New Zealand";"English";"en";"Australien,Australia,Australie,Australia,オーストラリア,Australië,Australija";"23254142";"-27,133";"Australian";""
"Austria";"Österreich";".at";"AT";"040";"AUT";"EUR";"43";"Vienna";"AT,Österreich,Osterreich,Oesterreich";"0";"Europe";"Western Europe";"German";"de";"Österreich,Austria,Autriche,Austria,オーストリア,Oostenrijk,Austrija";"8501502";"47.33333333,13.33333333";"Austrian";"CZE,DEU,HUN,ITA,LIE,SVK,SVN,CHE"
"Azerbaijan";"Azərbaycan";".az";"AZ";"031";"AZE";"AZN";"994";"Baku";"AZ,Republic of Azerbaijan,Azərbaycan Respublikası";"0";"Asia";"Western Asia";"Azerbaijani";"az,hy";"Aserbaidschan,Azerbaiyán,Azerbaïdjan,Azerbaijan,アゼルバイジャン,Azerbeidzjan,Azerbajdžan";"9235100";"40.5,47.5";"Azerbaijani";"ARM,GEO,IRN,RUS,TUR"
"Bahamas";"Bahamas";".bs";"BS";"044";"BHS";"BSD";"1242";"Nassau";"BS,Commonwealth of the Bahamas";"0";"Americas";"Caribbean";"English";"en";"Bahamas,Bahamas,Bahamas,Bahamas,バハマ,Bahama’s,Bahami";"319031";"24.25,-76";"Bahamian";""
"Bahrain";"‏البحرين";".bh";"BH";"048";"BHR";"BHD";"973";"Manama";"BH,Kingdom of Bahrain,Mamlakat al-Baḥrayn";"0";"Asia";"Western Asia";"Arabic";"ar";"Bahrain,Bahrein,Bahreïn,Bahrein,バーレーン,Bahrein,Bahrein";"1234571";"26,50.55";"Bahraini";""
"Bangladesh";"Bangladesh";".bd";"BD";"050";"BGD";"BDT";"880";"Dhaka";"BD,People's Republic of Bangladesh,Gônôprôjatôntri Bangladesh";"2";"Asia";"Southern Asia";"Bangla";"bn";"Bangladesch,Bangladesh,Bangladesh,Bangladesh,バングラデシュ,Bangladesh,Bangladeš";"152518015";"24,90";"Bangladeshi";"MMR,IND"
"Barbados";"Barbados";".bb";"BB";"052";"BRB";"BBD";"1246";"Bridgetown";"BB";"0";"Americas";"Caribbean";"English";"en";"Barbados,Barbados,Barbade,Barbados,バルバドス,Barbados,Barbados";"274200";"13.16666666,-59.53333333";"Barbadian";""
"Belarus";"Белару́сь";".by";"BY";"112";"BLR";"BYR";"375";"Minsk";"BY,Bielaruś,Republic of Belarus,Белоруссия,Республика Беларусь,Belorussiya,Respublika Belarus’";"0";"Europe";"Eastern Europe";"Belarusian,Russian";"be,ru";"Weißrussland,Bielorrusia,Biélorussie,Bielorussia,ベラルーシ,Wit-Rusland,Bjelorusija";"9465500";"53,28";"Belarusian";"LVA,LTU,POL,RUS,UKR"
"Belgium";"België";".be";"BE";"056";"BEL";"EUR";"32";"Brussels";"BE,België,Belgie,Belgien,Belgique,Kingdom of Belgium,Koninkrijk België,Royaume de Belgique,Königreich Belgien";"1.5";"Europe";"Western Europe";"Dutch,French,German";"nl,fr,de";"Belgien,Bélgica,Belgique,Belgio,ベルギー,België,Belgija";"11175653";"50.83333333,4";"Belgian";"FRA,DEU,LUX,NLD"
"Belize";"Belize";".bz";"BZ";"084";"BLZ";"BZD";"501";"Belmopan";"BZ";"0";"Americas";"Central America";"English";"en,es";"Belize,Belice,Belize,Belize,ベリーズ,Belize,Belize";"312971";"17.25,-88.75";"Belizean";"GTM,MEX"
"Benin";"Bénin";".bj";"BJ";"204";"BEN";"XOF";"229";"Porto-Novo";"BJ,Republic of Benin,République du Bénin";"0";"Africa";"Western Africa";"French";"fr";"Benin,Benín,Bénin,Benin,ベナン,Benin,Benin";"10323000";"9.5,2.25";"Beninese";"BFA,NER,NGA,TGO"
"Bermuda";"Bermuda";".bm";"BM";"060";"BMU";"BMD";"1441";"Hamilton";"BM,The Islands of Bermuda,The Bermudas,Somers Isles";"0.5";"Americas";"Northern America";"English";"en";"Bermuda,Bermudas,Bermudes,Bermuda,バミューダ,Bermuda,Bermudi";"64237";"32.33333333,-64.75";"Bermudian";""
"Bhutan";"ʼbrug-yul";".bt";"BT";"064";"BTN";"BTN,INR";"975";"Thimphu";"BT,Kingdom of Bhutan";"0";"Asia";"Southern Asia";"Dzongkha";"dz";"Bhutan,Bután,Bhoutan,Bhutan,ブータン,Bhutan,Butan";"740990";"27.5,90.5";"Bhutanese";"CHN,IND"
"Bolivia";"Bolivia";".bo";"BO";"068";"BOL";"BOB,BOV";"591";"Sucre";"BO,Buliwya,Wuliwya,Plurinational State of Bolivia,Estado Plurinacional de Bolivia,Buliwya Mamallaqta,Wuliwya Suyu,Tetã Volívia";"0";"Americas";"South America";"Spanish,Quechua,Aymara,Guaraní";"es,ay,qu";"Bolivien,Bolivia,Bolivie,Bolivia,ボリビア多民族国,Bolivia,Bolivija";"10027254";"-17,-65";"Bolivian";"ARG,BRA,CHL,PRY,PRU"
"Bonaire";"Bonaire";".an,.nl";"BQ";"535";"BES";"USD";"5997";"Kralendijk";"BQ,Boneiru";"0";"Americas";"Caribbean";"Dutch";"nl";"";"17408";"12.15,-68.266667";"Dutch";""
"Bosnia and Herzegovina";"Bosna i Hercegovina";".ba";"BA";"070";"BIH";"BAM";"387";"Sarajevo";"BA,Bosnia-Herzegovina,Босна и Херцеговина";"0";"Europe";"Southern Europe";"Bosnian,Croatian,Serbian";"bs,hr,sr";"Bosnien und Herzegowina,Bosnia y Herzegovina,Bosnie-Herzégovine,Bosnia ed Erzegovina,ボスニア・ヘルツェゴビナ,Bosnië en Herzegovina,Bosna i Hercegovina";"3791622";"44,18";"Bosnian, Herzegovinian";"HRV,MNE,SRB"
"Botswana";"Botswana";".bw";"BW";"072";"BWA";"BWP";"267";"Gaborone";"BW,Republic of Botswana,Lefatshe la Botswana";"0";"Africa";"Southern Africa";"English,Setswana";"en,tn";"Botswana,Botswana,Botswana,Botswana,ボツワナ,Botswana,Bocvana";"2024904";"-22,24";"Motswana";"NAM,ZAF,ZMB,ZWE"
"Bouvet Island";"Bouvetøya";".bv";"BV";"074";"BVT";"NOK";"";"";"BV,Bouvetøya,Bouvet-øya";"0";"";"";"";"";"Bouvetinsel,Isla Bouvet,Île Bouvet,Isola Bouvet,ブーベ島,Bouveteiland,Otok Bouvet";"0";"-54.43333333,3.4";"";""
"Brazil";"Brasil";".br";"BR";"076";"BRA";"BRL";"55";"Brasília";"BR,Brasil,Federative Republic of Brazil,República Federativa do Brasil";"2";"Americas";"South America";"Portuguese";"pt";"Brasilien,Brasil,Brésil,Brasile,ブラジル,Brazilië,Brazil";"201032714";"-10,-55";"Brazilian";"ARG,BOL,COL,GUF,GUY,PRY,PER,SUR,URY,VEN"
"British Indian Ocean Territory";"British Indian Ocean Territory";".io";"IO";"086";"IOT";"USD";"246";"Diego Garcia";"IO";"0";"Africa";"Eastern Africa";"English";"en";"Britisches Territorium im Indischen Ozean,Territorio Británico del Océano Índico,Territoire britannique de l'océan Indien,Territorio britannico dell'oceano indiano,イギリス領インド洋地域,Britse Gebieden in de Indische Oceaan,Britanski Indijskooceanski teritorij";"3000";"-6,71.5";"Indian";""
"British Virgin Islands";"British Virgin Islands";".vg";"VG";"092";"VGB";"USD";"1284";"Road Town";"VG";"0.5";"Americas";"Caribbean";"English";"en";"Britische Jungferninseln,Islas Vírgenes del Reino Unido,Îles Vierges britanniques,Isole Vergini Britanniche,イギリス領ヴァージン諸島,Britse Maagdeneilanden,Britanski Djevičanski Otoci";"29537";"18.431383,-64.62305";"Virgin Islander";""
"Brunei";"Negara Brunei Darussalam";".bn";"BN";"096";"BRN";"BND";"673";"Bandar Seri Begawan";"BN,Nation of Brunei, the Abode of Peace";"0";"Asia";"South-Eastern Asia";"Malay";"ms";"Brunei,Brunei,Brunei,Brunei,ブルネイ・ダルサラーム,Brunei,Brunej";"393162";"4.5,114.66666666";"Bruneian";"MYS"
"Bulgaria";"България";".bg";"BG";"100";"BGR";"BGN";"359";"Sofia";"BG,Republic of Bulgaria,Република България";"0";"Europe";"Eastern Europe";"Bulgarian";"bg";"Bulgarien,Bulgaria,Bulgarie,Bulgaria,ブルガリア,Bulgarije,Bugarska";"7282041";"43,25";"Bulgarian";"GRC,MKD,ROU,SRB,TUR"
"Burkina Faso";"Burkina Faso";".bf";"BF";"854";"BFA";"XOF";"226";"Ouagadougou";"BF";"0";"Africa";"Western Africa";"French";"fr,ff";"Burkina Faso,Burkina Faso,Burkina Faso,Burkina Faso,ブルキナファソ,Burkina Faso,Burkina Faso";"17322796";"13,-2";"Burkinabe";"BEN,CIV,GHA,MLI,NER,TGO"
"Burundi";"Burundi";".bi";"BI";"108";"BDI";"BIF";"257";"Bujumbura";"BI,Republic of Burundi,Republika y'Uburundi,République du Burundi";"0";"Africa";"Eastern Africa";"Kirundi,French";"fr,rn";"Burundi,Burundi,Burundi,Burundi,ブルンジ,Burundi,Burundi";"10163000";"-3.5,30";"Burundian";"COD,RWA,TZA"
"Cambodia";"Kâmpŭchéa";".kh";"KH";"116";"KHM";"KHR";"855";"Phnom Penh";"KH,Kingdom of Cambodia";"0";"Asia";"South-Eastern Asia";"Khmer";"km";"Cambodge,Cambodja,Kambodscha,Cambogia,カンボジア,Camboya,Kambodža";"15135000";"13,105";"Cambodian";"LAO,THA,VNM"
"Cameroon";"Cameroon";".cm";"CM";"120";"CMR";"XAF";"237";"Yaoundé";"CM,Republic of Cameroon,République du Cameroun";"0";"Africa";"Middle Africa";"French,English";"en,fr";"Kamerun,Camerún,Cameroun,Camerun,カメルーン,Kameroen,Kamerun";"20386799";"6,12";"Cameroonian";"CAF,TCD,COG,GNQ,GAB,NGA"
"Canada";"Canada";".ca";"CA";"124";"CAN";"CAD";"1";"Ottawa";"CA";"2";"Americas";"Northern America";"English,French";"en,fr";"Kanada,Canadá,Canada,Canada,カナダ,Canada,Kanada";"35158304";"60,-95";"Canadian";"USA"
"Cape Verde";"Cabo Verde";".cv";"CV";"132";"CPV";"CVE";"238";"Praia";"CV,Republic of Cabo Verde,República de Cabo Verde";"0";"Africa";"Western Africa";"Portuguese";"pt";"Kap Verde,Cabo Verde,Cap Vert,Capo Verde,カーボベルデ,Kaapverdië,Zelenortska Republika";"491875";"16,-24";"Cape Verdian";""
"Cayman Islands";"Cayman Islands";".ky";"KY";"136";"CYM";"KYD";"1345";"George Town";"KY";"0.5";"Americas";"Caribbean";"English";"en";"Kaimaninseln,Islas Caimán,Îles Caïmans,Isole Cayman,ケイマン諸島,Caymaneilanden,Kajmanski otoci";"55456";"19.5,-80.5";"Caymanian";""
"Central African Republic";"Ködörösêse tî Bêafrîka";".cf";"CF";"140";"CAF";"XAF";"236";"Bangui";"CF,Central African Republic,République centrafricaine";"0";"Africa";"Middle Africa";"Sango,French";"fr,sg";"Zentralafrikanische Republik,República Centroafricana,République centrafricaine,Repubblica Centrafricana,中央アフリカ共和国,Centraal-Afrikaanse Republiek,Srednjoafrička Republika";"4616000";"7,21";"Central African";"CMR,TCD,COD,COG,SSD,SDN"
"Chad";"Tchad";".td";"TD";"148";"TCD";"XAF";"235";"N'Djamena";"TD,Tchad,Republic of Chad,République du Tchad";"0";"Africa";"Middle Africa";"French,Arabic";"fr,ar";"Tschad,Chad,Tchad,Ciad,チャド,Tsjaad,Čad";"12825000";"15,19";"Chadian";"CMR,CAF,LBY,NER,NGA,SSD"
"Chile";"Chile";".cl";"CL";"152";"CHL";"CLF,CLP";"56";"Santiago";"CL,Republic of Chile,República de Chile";"0";"Americas";"South America";"Spanish";"es";"Chile,Chile,Chili,Cile,チリ,Chili,Čile";"16634603";"-30,-71";"Chilean";"ARG,BOL,PER"
"China";"中国";".cn";"CN";"156";"CHN";"CNY";"86";"Beijing";"CN,Zhōngguó,Zhongguo,Zhonghua,People's Republic of China,中华人民共和国,Zhōnghuá Rénmín Gònghéguó";"0";"Asia";"Eastern Asia";"Standard Chinese";"zh";"China,China,Chine,Cina,中国,China,Kina";"1361170000";"35,105";"Chinese";"AFG,BTN,MMR,HKG,IND,KAZ,PRK,KGZ,LAO,MAC,MNG,PAK,RUS,TJK,VNM"
"Christmas Island";"Christmas Island";".cx";"CX";"162";"CXR";"AUD";"61";"Flying Fish Cove";"CX,Territory of Christmas Island";"0.5";"Oceania";"Australia and New Zealand";"English";"en";"Île Christmas,Christmaseiland,Weihnachtsinsel,Isola di Natale,クリスマス島,Isla de Navidad,Božićni otok";"2072";"-10.5,105.66666666";"Christmas Island";""
"Cocos (Keeling) Islands";"Cocos (Keeling) Islands";".cc";"CC";"166";"CCK";"AUD";"61";"West Island";"CC,Territory of the Cocos (Keeling) Islands,Keeling Islands";"0";"Oceania";"Australia and New Zealand";"English";"en";"Îles Cocos,Cocoseilanden,Kokosinseln,Isole Cocos e Keeling,ココス（キーリング）諸島,Islas Cocos o Islas Keeling,Kokosovi Otoci";"550";"-12.5,96.83333333";"Cocos Islander";""
"Colombia";"Colombia";".co";"CO";"170";"COL";"COP";"57";"Bogotá";"CO,Republic of Colombia,República de Colombia";"0";"Americas";"South America";"Spanish";"es";"Kolumbien,Colombia,Colombie,Colombia,コロンビア,Colombia,Kolumbija";"47330000";"4,-72";"Colombian";"BRA,ECU,PAN,PER,VEN"
"Comoros";"Komori";".km";"KM";"174";"COM";"KMF";"269";"Moroni";"KM,Union of the Comoros,Union des Comores,Udzima wa Komori,al-Ittiḥād al-Qumurī";"0";"Africa";"Eastern Africa";"Comorian,Arabic,French";"ar,fr";"Union der Komoren,Comoras,Comores,Comore,コモロ,Comoren,Komori";"724300";"-12.16666666,44.25";"Comoran";""
"Republic of the Congo";"République du Congo";".cg";"CG";"178";"COG";"XAF";"242";"Brazzaville";"CG,Congo-Brazzaville";"0";"Africa";"Middle Africa";"French";"fr,ln";"Kongo,Congo,Congo,Congo,コンゴ共和国,Congo [Republiek],Kongo";"4448000";"-1,15";"Congolese";"AGO,CMR,CAF,COD,GAB"
"Democratic Republic of the Congo";"République démocratique du Congo";".cd";"CD";"180";"COD";"CDF";"243";"Kinshasa";"CD,DR Congo,Congo-Kinshasa,DRC";"0";"Africa";"Middle Africa";"French";"fr,ln,kg,sw,lu";"Kongo (Dem. Rep.),Congo (Rep. Dem.),Congo (Rép. dém.),Congo (Rep. Dem.),コンゴ民主共和国,Congo [DRC],Kongo, Demokratska Republika";"67514000";"0,25";"Congolese";"AGO,BDI,CAF,COG,RWA,SSD,TZA,UGA,ZMB"
"Cook Islands";"Cook Islands";".ck";"CK";"184";"COK";"NZD";"682";"Avarua";"CK,Kūki 'Āirani";"0.5";"Oceania";"Polynesia";"English,Cook Islands Māori";"en";"Cookinseln,Islas Cook,Îles Cook,Isole Cook,クック諸島,Cookeilanden,Cookovo Otočje";"14974";"-21.23333333,-159.76666666";"Cook Islander";""
"Costa Rica";"Costa Rica";".cr";"CR";"188";"CRI";"CRC";"506";"San José";"CR,Republic of Costa Rica,República de Costa Rica";"0";"Americas";"Central America";"Spanish";"es";"Costa Rica,Costa Rica,Costa Rica,Costa Rica,コスタリカ,Costa Rica,Kostarika";"4667096";"10,-84";"Costa Rican";"NIC,PAN"
"Croatia";"Hrvatska";".hr";"HR";"191";"HRV";"HRK";"385";"Zagreb";"HR,Hrvatska,Republic of Croatia,Republika Hrvatska";"0";"Europe";"Southern Europe";"Croatian";"hr";"Kroatien,Croacia,Croatie,Croazia,クロアチア,Kroatië,Hrvatska";"4290612";"45.16666666,15.5";"Croatian";"BIH,HUN,MNE,SRB,SVN"
"Cuba";"Cuba";".cu";"CU";"192";"CUB";"CUC,CUP";"53";"Havana";"CU,Republic of Cuba,República de Cuba";"0";"Americas";"Caribbean";"Spanish";"es";"Kuba,Cuba,Cuba,Cuba,キューバ,Cuba,Kuba";"11167325";"21.5,-80";"Cuban";""
"Curaçao";"Curaçao";".cw";"CW";"531";"CUW";"ANG";"5999";"Willemstad";"CW,Curacao,Kòrsou,Country of Curaçao,Land Curaçao,Pais Kòrsou";"0";"Americas";"Caribbean";"Dutch,Papiamentu,English";"nl,pa,en";"Curaçao";"150563";"12.116667,-68.933333";"Dutch";""
"Cyprus";"Κύπρος";".cy";"CY";"196";"CYP";"EUR";"357";"Nicosia";"CY,Kýpros,Kıbrıs,Republic of Cyprus,Κυπριακή Δημοκρατία,Kıbrıs Cumhuriyeti";"0";"Asia";"Western Asia";"Greek,Turkish";"el,tr,hy";"Zypern,Chipre,Chypre,Cipro,キプロス,Cyprus,Cipar";"865878";"35,33";"Cypriot";"GBR"
"Czech Republic";"Česká republika";".cz";"CZ";"203";"CZE";"CZK";"420";"Prague";"CZ,Česká republika,Česko";"0";"Europe";"Eastern Europe";"Czech";"cs,sk";"Tschechische Republik,República Checa,République tchèque,Repubblica Ceca,チェコ,Tsjechië,Češka";"10512900";"49.75,15.5";"Czech";"AUT,DEU,POL,SVK"
"Denmark";"Danmark";".dk";"DK";"208";"DNK";"DKK";"45";"Copenhagen";"DK,Danmark,Kingdom of Denmark,Kongeriget Danmark";"1.5";"Europe";"Northern Europe";"Danish";"da";"Dänemark,Dinamarca,Danemark,Danimarca,デンマーク,Denemarken,Danska";"5623501";"56,10";"Danish";"DEU"
"Djibouti";"Djibouti";".dj";"DJ";"262";"DJI";"DJF";"253";"Djibouti";"DJ,Jabuuti,Gabuuti,Republic of Djibouti,République de Djibouti,Gabuutih Ummuuno,Jamhuuriyadda Jabuuti";"0";"Africa";"Eastern Africa";"French,Arabic";"fr,ar";"Dschibuti,Yibuti,Djibouti,Gibuti,ジブチ,Djibouti,Džibuti";"864618";"11.5,43";"Djibouti";"ERI,ETH,SOM"
"Dominica";"Dominica";".dm";"DM";"212";"DMA";"XCD";"1767";"Roseau";"DM,Dominique,Wai‘tu kubuli,Commonwealth of Dominica";"0.5";"Americas";"Caribbean";"English";"en";"Dominica,Dominica,Dominique,Dominica,ドミニカ国,Dominica,Dominika";"71293";"15.41666666,-61.33333333";"Dominican";""
"Dominican Republic";"República Dominicana";".do";"DO";"214";"DOM";"DOP";"1809,1829,1849";"Santo Domingo";"DO";"0";"Americas";"Caribbean";"Spanish";"es";"Dominikanische Republik,República Dominicana,République dominicaine,Repubblica Dominicana,ドミニカ共和国,Dominicaanse Republiek,Dominikanska Republika";"9445281";"19,-70.66666666";"Dominican";"HTI"
"Ecuador";"Ecuador";".ec";"EC";"218";"ECU";"USD";"593";"Quito";"EC,Republic of Ecuador,República del Ecuador";"0";"Americas";"South America";"Spanish";"es";"Ecuador,Ecuador,Équateur,Ecuador,エクアドル,Ecuador,Ekvador";"15617900";"-2,-77.5";"Ecuadorean";"COL,PER"
"Egypt";"مصر‎";".eg";"EG";"818";"EGY";"EGP";"20";"Cairo";"EG,Arab Republic of Egypt";"1.5";"Africa";"Northern Africa";"Arabic";"ar";"Ägypten,Egipto,Égypte,Egitto,エジプト,Egypte,Egipat";"83661000";"27,30";"Egyptian";"ISR,LBY,SDN"
"El Salvador";"El Salvador";".sv";"SV";"222";"SLV";"SVC,USD";"503";"San Salvador";"SV,Republic of El Salvador,República de El Salvador";"0";"Americas";"Central America";"Castilian";"es";"El Salvador,El Salvador,Salvador,El Salvador,エルサルバドル,El Salvador,Salvador";"6340000";"13.83333333,-88.91666666";"Salvadoran";"GTM,HND"
"Equatorial Guinea";"Guinea Ecuatorial";".gq";"GQ";"226";"GNQ";"XAF";"240";"Malabo";"GQ,Republic of Equatorial Guinea,República de Guinea Ecuatorial,République de Guinée équatoriale,República da Guiné Equatorial";"0";"Africa";"Middle Africa";"Spanish,French,Portuguese";"es,fr";"Äquatorial-Guinea,Guinea Ecuatorial,Guinée-Équatoriale,Guinea Equatoriale,赤道ギニア,Equatoriaal-Guinea,Ekvatorijalna Gvineja";"1622000";"2,10";"Equatorial Guinean";"CMR,GAB"
"Eritrea";"ኤርትራ";".er";"ER";"232";"ERI";"ERN";"291";"Asmara";"ER,State of Eritrea,ሃገረ ኤርትራ,Dawlat Iritriyá,ʾErtrā,Iritriyā,";"0";"Africa";"Eastern Africa";"Tigrinya,Arabic,English";"ti,ar,en";"Eritrea,Eritrea,Érythrée,Eritrea,エリトリア,Eritrea,Eritreja";"6333000";"15,39";"Eritrean";"DJI,ETH,SDN"
"Estonia";"Eesti";".ee";"EE";"233";"EST";"EUR";"372";"Tallinn";"EE,Eesti,Republic of Estonia,Eesti Vabariik";"0";"Europe";"Northern Europe";"Estonian";"et";"Estland,Estonia,Estonie,Estonia,エストニア,Estland,Estonija";"1286540";"59,26";"Estonian";"LVA,RUS"
"Ethiopia";"ኢትዮጵያ";".et";"ET";"231";"ETH";"ETB";"251";"Addis Ababa";"ET,ʾĪtyōṗṗyā,Federal Democratic Republic of Ethiopia,የኢትዮጵያ ፌዴራላዊ ዲሞክራሲያዊ ሪፐብሊክ";"0";"Africa";"Eastern Africa";"Amharic";"am";"Äthiopien,Etiopía,Éthiopie,Etiopia,エチオピア,Ethiopië,Etiopija";"86613986";"8,38";"Ethiopian";"DJI,ERI,KEN,SOM,SSD,SDN"
"Falkland Islands";"Falkland Islands";".fk";"FK";"238";"FLK";"FKP";"500";"Stanley";"FK,Islas Malvinas";"0.5";"Americas";"South America";"English";"en";"Falklandinseln,Islas Malvinas,Îles Malouines,Isole Falkland o Isole Malvine,フォークランド（マルビナス）諸島,Falklandeilanden [Islas Malvinas],Falklandski Otoci";"2563";"-51.75,-59";"Falkland Islander";""
"Faroe Islands";"Føroyar";".fo";"FO";"234";"FRO";"DKK";"298";"Tórshavn";"FO,Føroyar,Færøerne";"0.5";"Europe";"Northern Europe";"Faroese,Danish";"fo";"Färöer-Inseln,Islas Faroe,Îles Féroé,Isole Far Oer,フェロー諸島,Faeröer,Farski Otoci";"48509";"62,-7";"Faroese";""
"Fiji";"Fiji";".fj";"FJ";"242";"FJI";"FJD";"679";"Suva";"FJ,Viti,Republic of Fiji,Matanitu ko Viti,Fijī Gaṇarājya";"0";"Oceania";"Melanesia";"English,Fijian,Fiji Hindi";"en,fj,hi,ur";"Fidschi,Fiyi,Fidji,Figi,フィジー,Fiji,Fiđi";"858038";"-18,175";"Fijian";""
"Finland";"Suomi";".fi";"FI";"246";"FIN";"EUR";"358";"Helsinki";"FI,Suomi,Republic of Finland,Suomen tasavalta,Republiken Finland";"0.5";"Europe";"Northern Europe";"Finnish,Swedish";"fi,sv";"Finnland,Finlandia,Finlande,Finlandia,フィンランド,Finland,Finska";"5445883";"64,26";"Finnish";"NOR,SWE,RUS"
"France";"France";".fr";"FR";"250";"FRA";"EUR";"33";"Paris";"FR,French Republic,République française";"2.5";"Europe";"Western Europe";"French";"fr";"Frankreich,Francia,France,Francia,フランス,Frankrijk,Francuska";"65806000";"46,2";"French";"AND,BEL,DEU,ITA,LUX,MCO,ESP,CHE"
"French Guiana";"Guyane française";".gf";"GF";"254";"GUF";"EUR";"594";"Cayenne";"GF,Guiana,Guyane";"0";"Americas";"South America";"French";"fr";"Französisch Guyana,Guayana Francesa,Guayane,Guyana francese,フランス領ギアナ,Frans-Guyana,Francuska Gvajana";"229040";"4,-53";"";"BRA,SUR"
"French Polynesia";"Polynésie française";".pf";"PF";"258";"PYF";"XPF";"689";"Papeetē";"PF,Polynésie française,French Polynesia,Pōrīnetia Farāni";"0";"Oceania";"Polynesia";"French";"fr";"Französisch-Polynesien,Polinesia Francesa,Polynésie française,Polinesia Francese,フランス領ポリネシア,Frans-Polynesië,Francuska Polinezija";"268270";"-15,-140";"French Polynesian";""
"French Southern and Antarctic Lands";"Territoire des Terres australes et antarctiques françaises";".tf";"TF";"260";"ATF";"EUR";"";"Port-aux-Français";"TF";"0";"";"";"French";"fr";"Französische Süd- und Antarktisgebiete,Tierras Australes y Antárticas Francesas,Terres australes et antarctiques françaises,Territori Francesi del Sud,フランス領南方・南極地域,Franse Gebieden in de zuidelijke Indische Oceaan,Francuski južni i antarktički teritoriji";"140";"-49.25,69.167";"French";""
"Gabon";"Gabon";".ga";"GA";"266";"GAB";"XAF";"241";"Libreville";"GA,Gabonese Republic,République Gabonaise";"0";"Africa";"Middle Africa";"French";"fr";"Gabun,Gabón,Gabon,Gabon,ガボン,Gabon,Gabon";"1672000";"-1,11.75";"Gabonese";"CMR,COG,GNQ"
"Gambia";"Gambia";".gm";"GM";"270";"GMB";"GMD";"220";"Banjul";"GM,Republic of the Gambia";"0";"Africa";"Western Africa";"English";"en";"Gambia,Gambia,Gambie,Gambia,ガンビア,Gambia,Gambija";"1782893";"13.46666666,-16.56666666";"Gambian";"SEN"
"Georgia";"საქართველო";".ge";"GE";"268";"GEO";"GEL";"995";"Tbilisi";"GE,Sakartvelo";"0";"Asia";"Western Asia";"Georgian";"ka";"Georgien,Georgia,Géorgie,Georgia,グルジア,Georgië,Gruzija";"4942157";"42,43.5";"Georgian";"ARM,AZE,RUS,TUR"
"Germany";"Deutschland";".de";"DE";"276";"DEU";"EUR";"49";"Berlin";"DE,Federal Republic of Germany,Bundesrepublik Deutschland";"3";"Europe";"Western Europe";"German";"de";"Deutschland,Alemania,Allemagne,Germania,ドイツ,Duitsland,Njemačka";"80523700";"51,9";"German";"AUT,BEL,CZE,DNK,FRA,LUX,NLD,POL,CHE"
"Ghana";"Ghana";".gh";"GH";"288";"GHA";"GHS";"233";"Accra";"GH";"0";"Africa";"Western Africa";"English";"en";"Ghana,Ghana,Ghana,Ghana,ガーナ,Ghana,Gana";"24658823";"8,-2";"Ghanaian";"BFA,CIV,TGO"
"Gibraltar";"Gibraltar";".gi";"GI";"292";"GIB";"GIP";"350";"Gibraltar";"GI";"0.5";"Europe";"Southern Europe";"English";"en";"Gibraltar,Gibraltar,Gibraltar,Gibilterra,ジブラルタル,Gibraltar,Gibraltar";"29752";"36.13333333,-5.35";"Gibraltar";"ESP"
"Greece";"Ελλάδα";".gr";"GR";"300";"GRC";"EUR";"30";"Athens";"GR,Elláda,Hellenic Republic,Ελληνική Δημοκρατία";"1.5";"Europe";"Southern Europe";"Greek";"el";"Griechenland,Grecia,Grèce,Grecia,ギリシャ,Griekenland,Grčka";"10815197";"39,22";"Greek";"ALB,BGR,TUR,MKD"
"Greenland";"Kalaallit Nunaat";".gl";"GL";"304";"GRL";"DKK";"299";"Nuuk";"GL,Grønland";"0.5";"Americas";"Northern America";"Greenlandic";"kl";"Grönland,Groenlandia,Groenland,Groenlandia,グリーンランド,Groenland,Grenland";"56370";"72,-40";"Greenlandic";""
"Grenada";"Grenada";".gd";"GD";"308";"GRD";"XCD";"1473";"St. George's";"GD";"0";"Americas";"Caribbean";"English";"en";"Grenada,Grenada,Grenade,Grenada,グレナダ,Grenada,Grenada";"103328";"12.11666666,-61.66666666";"Grenadian";""
"Guadeloupe";"Guadeloupe";".gp";"GP";"312";"GLP";"EUR";"590";"Basse-Terre";"GP,Gwadloup";"0";"Americas";"Caribbean";"French";"fr";"Guadeloupe,Guadalupe,Guadeloupe,Guadeloupa,グアドループ,Guadeloupe,Gvadalupa";"403355";"16.25,-61.583333";"Guadeloupian";""
"Guam";"Guam";".gu";"GU";"316";"GUM";"USD";"1671";"Hagåtña";"GU,Guåhån";"0";"Oceania";"Micronesia";"English,Chamorro";"en,ch,es";"Guam,Guam,Guam,Guam,グアム,Guam,Guam";"159358";"13.46666666,144.78333333";"Guamanian";""
"Guatemala";"Guatemala";".gt";"GT";"320";"GTM";"GTQ";"502";"Guatemala City";"GT";"0";"Americas";"Central America";"Spanish";"es";"Guatemala,Guatemala,Guatemala,Guatemala,グアテマラ,Guatemala,Gvatemala";"15438384";"15.5,-90.25";"Guatemalan";"BLZ,SLV,HND,MEX"
"Guernsey";"Guernsey";".gg";"GG";"831";"GGY";"GBP";"44";"St. Peter Port";"GG,Bailiwick of Guernsey,Bailliage de Guernesey";"0.5";"Europe";"Northern Europe";"English,French";"en,fr";"Guernsey,Guernsey,Guernesey,Guernsey,ガーンジー,Guernsey,Guernsey";"62431";"49.46666666,-2.58333333";"Channel Islander";""
"Guinea";"Guinée";".gn";"GN";"324";"GIN";"GNF";"224";"Conakry";"GN,Republic of Guinea,République de Guinée";"0";"Africa";"Western Africa";"French";"fr,ff";"Guinea,Guinea,Guinée,Guinea,ギニア,Guinee,Gvineja";"10824200";"11,-10";"Guinean";"CIV,GNB,LBR,MLI,SEN,SLE"
"Guinea-Bissau";"Guiné-Bissau";".gw";"GW";"624";"GNB";"XOF";"245";"Bissau";"GW,Republic of Guinea-Bissau,República da Guiné-Bissau";"0";"Africa";"Western Africa";"Portuguese";"pt";"Guinea-Bissau,Guinea-Bisáu,Guinée-Bissau,Guinea-Bissau,ギニアビサウ,Guinee-Bissau,Gvineja Bisau";"1704000";"12,-15";"Guinea-Bissauan";"GIN,SEN"
"Guyana";"Guyana";".gy";"GY";"328";"GUY";"GYD";"592";"Georgetown";"GY,Co-operative Republic of Guyana";"0";"Americas";"South America";"English";"en";"Guyana,Guyana,Guyane,Guyana,ガイアナ,Guyana,Gvajana";"784894";"5,-59";"Guyanese";"BRA,SUR,VEN"
"Haiti";"Haïti";".ht";"HT";"332";"HTI";"HTG,USD";"509";"Port-au-Prince";"HT,Republic of Haiti,République d'Haïti,Repiblik Ayiti";"0";"Americas";"Caribbean";"French,Haitian Creole";"fr,ht";"Haiti,Haiti,Haïti,Haiti,ハイチ,Haïti,Haiti";"10413211";"19,-72.41666666";"Haitian";"DOM"
"Heard Island and McDonald Islands";"Heard Island and McDonald Islands";".hm,.aq";"HM";"334";"HMD";"AUD";"";"";"HM";"0";"";"";"";"en";"Heard und die McDonaldinseln,Islas Heard y McDonald,Îles Heard-et-MacDonald,Isole Heard e McDonald,ハード島とマクドナルド諸島,Heard- en McDonaldeilanden,Otok Heard i otočje McDonald";"0";"-53.1,72.51666666";"Heard and McDonald Islander";""
"Vatican City";"Vaticano";".va";"VA";"336";"VAT";"EUR";"39066,379";"Vatican City";"VA,Vatican City State,Stato della Città del Vaticano";"0.5";"Europe";"Southern Europe";"Italian";"it,la";"Vatikanstadt,Ciudad del Vaticano,Cité du Vatican,Città del Vaticano,バチカン市国,Vaticaanstad,Vatikan";"800";"41.9,12.45";"Italian";"ITA"
"Honduras";"Honduras";".hn";"HN";"340";"HND";"HNL";"504";"Tegucigalpa";"HN,Republic of Honduras,República de Honduras";"0";"Americas";"Central America";"Spanish";"es";"Honduras,Honduras,Honduras,Honduras,ホンジュラス,Honduras,Honduras";"8555072";"15,-86.5";"Honduran";"GTM,SLV,NIC"
"Hong Kong";"Hong Kong";".hk";"HK";"344";"HKG";"HKD";"852";"City of Victoria";"HK,香港";"0";"Asia";"Eastern Asia";"English,Chinese";"en,zh";"Hong Kong,Hong Kong,Hong Kong,Hong Kong,香港,Hongkong,Hong Kong";"7184000";"22.25,114.16666666";"Chinese";"CHN"
"Hungary";"Magyarország";".hu";"HU";"348";"HUN";"HUF";"36";"Budapest";"HU";"0";"Europe";"Eastern Europe";"Hungarian";"hu";"Ungarn,Hungría,Hongrie,Ungheria,ハンガリー,Hongarije,Mađarska";"9906000";"47,20";"Hungarian";"AUT,HRV,ROU,SRB,SVK,SVN,UKR"
"Iceland";"Ísland";".is";"IS";"352";"ISL";"ISK";"354";"Reykjavik";"IS,Island,Republic of Iceland,Lýðveldið Ísland";"0";"Europe";"Northern Europe";"Icelandic";"is";"Island,Islandia,Islande,Islanda,アイスランド,IJsland,Island";"325010";"65,-18";"Icelander";""
"India";"भारत";".in";"IN";"356";"IND";"INR";"91";"New Delhi";"IN,Bhārat,Republic of India,Bharat Ganrajya";"3";"Asia";"Southern Asia";"Hindi,English";"hi,en";"Indien,India,Inde,India,インド,India,Indija";"1236670000";"20,77";"Indian";"AFG,BGD,BTN,MMR,CHN,NPL,PAK,LKA"
"Indonesia";"Indonesia";".id";"ID";"360";"IDN";"IDR";"62";"Jakarta";"ID,Republic of Indonesia,Republik Indonesia";"2";"Asia";"South-Eastern Asia";"Indonesian";"id";"Indonésie,Indonesië,Indonesien,Indonesia,インドネシア,Indonesia,Indonezija";"237641326";"-5,120";"Indonesian";"TLS,MYS,PNG"
"Ivory Coast";"Côte d'Ivoire";".ci";"CI";"384";"CIV";"XOF";"225";"Yamoussoukro";"CI,Ivory Coast,Republic of Côte d'Ivoire,République de Côte d'Ivoire";"0";"Africa";"Western Africa";"French";"fr";"Elfenbeinküste,Costa de Marfil,Côte d'Ivoire,Costa D'Avorio,コートジボワール,Ivoorkust,Obala Bjelokosti";"22400835";"8,-5";"Ivorian";"BFA,GHA,GIN,LBR,MLI"
"Iran";"Irān";".ir";"IR";"364";"IRN";"IRR";"98";"Tehran";"IR,Islamic Republic of Iran,Jomhuri-ye Eslāmi-ye Irān";"0";"Asia";"Southern Asia";"Persian";"fa";"Iran,Iran,Iran,イラン・イスラム共和国,Iran,Iran";"77068000";"32,53";"Iranian";"AFG,ARM,AZE,IRQ,PAK,TUR,TKM"
"Iraq";"العراق";".iq";"IQ";"368";"IRQ";"IQD";"964";"Baghdad";"IQ,Republic of Iraq,Jumhūriyyat al-‘Irāq";"0";"Asia";"Western Asia";"Arabic,Kurdish,Syriac";"ar,ku";"Irak,Irak,Irak,Iraq,イラク,Irak,Irak";"36004552";"33,44";"Iraqi";"IRN,JOR,KWT,SAU,SYR,TUR"
"Ireland";"Éire";".ie";"IE";"372";"IRL";"EUR";"353";"Dublin";"IE,Éire,Republic of Ireland,Poblacht na hÉireann";"1.2";"Europe";"Northern Europe";"Irish,English";"ga,en";"Irland,Irlanda,Irlande,Irlanda,アイルランド,Ierland,Irska";"6378000";"53,-8";"Irish";"GBR"
"Isle of Man";"Isle of Man";".im";"IM";"833";"IMN";"GBP";"44";"Douglas";"IM,Ellan Vannin,Mann,Mannin";"0.5";"Europe";"Northern Europe";"English,Manx";"en,gv";"Insel Man,Isla de Man,Île de Man,Isola di Man,マン島,Isle of Man,Otok Man";"84497";"54.25,-4.5";"Manx";""
"Israel";"יִשְׂרָאֵל";".il";"IL";"376";"ISR";"ILS";"972";"Jerusalem";"IL,State of Israel,Medīnat Yisrā'el";"0";"Asia";"Western Asia";"Hebrew,Arabic";"he,ar";"Israel,Israel,Israël,Israele,イスラエル,Israël,Izrael";"8092700";"31.5,34.75";"Israeli";"EGY,JOR,LBN,SYR"
"Italy";"Italia";".it";"IT";"380";"ITA";"EUR";"39";"Rome";"IT,Italian Republic,Repubblica italiana";"2";"Europe";"Southern Europe";"Italian";"it";"Italien,Italia,Italie,Italia,イタリア,Italië,Italija";"59829079";"42.83333333,12.83333333";"Italian";"AUT,FRA,SMR,SVN,CHE,VAT"
"Jamaica";"Jamaica";".jm";"JM";"388";"JAM";"JMD";"1876";"Kingston";"JM";"0";"Americas";"Caribbean";"Jamaican English";"en";"Jamaika,Jamaica,Jamaïque,Giamaica,ジャマイカ,Jamaica,Jamajka";"2711476";"18.25,-77.5";"Jamaican";""
"Japan";"日本";".jp";"JP";"392";"JPN";"JPY";"81";"Tokyo";"JP,Nippon,Nihon";"2.5";"Asia";"Eastern Asia";"Japanese";"ja";"Japan,Japón,Japon,Giappone,日本,Japan,Japan";"127290000";"36,138";"Japanese";""
"Jersey";"Jersey";".je";"JE";"832";"JEY";"GBP";"44";"Saint Helier";"JE,Bailiwick of Jersey,Bailliage de Jersey,Bailliage dé Jèrri";"0.5";"Europe";"Northern Europe";"English,French";"en,fr";"Jersey,Jersey,Jersey,Isola di Jersey,ジャージー,Jersey,Jersey";"97857";"49.25,-2.16666666";"Channel Islander";""
"Jordan";"الأردن";".jo";"JO";"400";"JOR";"JOD";"962";"Amman";"JO,Hashemite Kingdom of Jordan,al-Mamlakah al-Urdunīyah al-Hāshimīyah";"0";"Asia";"Western Asia";"Arabic";"ar";"Jordanien,Jordania,Jordanie,Giordania,ヨルダン,Jordanië,Jordan";"6512600";"31,36";"Jordanian";"IRQ,ISR,SAU,SYR"
"Kazakhstan";"Қазақстан";".kz,.қаз";"KZ";"398";"KAZ";"KZT";"76,77";"Astana";"KZ,Qazaqstan,Казахстан,Republic of Kazakhstan,Қазақстан Республикасы,Qazaqstan Respublïkası,Республика Казахстан,Respublika Kazakhstan";"0";"Asia";"Central Asia";"Kazakh,Russian";"kk,ru";"Kasachstan,Kazajistán,Kazakhstan,Kazakistan,カザフスタン,Kazachstan,Kazahstan";"17099000";"48,68";"Kazakhstani";"CHN,KGZ,RUS,TKM,UZB"
"Kenya";"Kenya";".ke";"KE";"404";"KEN";"KES";"254";"Nairobi";"KE,Republic of Kenya,Jamhuri ya Kenya";"0";"Africa";"Eastern Africa";"Swahili,English";"en,sw";"Kenia,Kenia,Kenya,Kenya,ケニア,Kenia,Kenija";"44354000";"1,38";"Kenyan";"ETH,SOM,SSD,TZA,UGA"
"Kiribati";"Kiribati";".ki";"KI";"296";"KIR";"AUD";"686";"South Tarawa";"KI,Republic of Kiribati,Ribaberiki Kiribati";"0";"Oceania";"Micronesia";"English,Gilbertese";"en";"Kiribati,Kiribati,Kiribati,Kiribati,キリバス,Kiribati,Kiribati";"106461";"1.41666666,173";"I-Kiribati";""
"Kuwait";"الكويت";".kw";"KW";"414";"KWT";"KWD";"965";"Kuwait City";"KW,State of Kuwait,Dawlat al-Kuwait";"0";"Asia";"Western Asia";"Arabic";"ar";"Kuwait,Kuwait,Koweït,Kuwait,クウェート,Koeweit,Kuvajt";"3582054";"29.5,45.75";"Kuwaiti";"IRN,SAU"
"Kyrgyzstan";"Кыргызстан";".kg";"KG";"417";"KGZ";"KGS";"996";"Bishkek";"KG,Киргизия,Kyrgyz Republic,Кыргыз Республикасы,Kyrgyz Respublikasy";"0";"Asia";"Central Asia";"Kyrgyz,Russian";"ky,ru";"Kirgisistan,Kirguizistán,Kirghizistan,Kirghizistan,キルギス,Kirgizië,Kirgistan";"5551900";"41,75";"Kirghiz";"CHN,KAZ,TJK,UZB"
"Laos";"ສປປລາວ";".la";"LA";"418";"LAO";"LAK";"856";"Vientiane";"LA,Lao,Lao People's Democratic Republic,Sathalanalat Paxathipatai Paxaxon Lao";"0";"Asia";"South-Eastern Asia";"Lao";"lo";"Laos,Laos,Laos,Laos,ラオス人民民主共和国,Laos,Laos";"6580800";"18,105";"Laotian";"MMR,KHM,CHN,THA,VNM"
"Latvia";"Latvija";".lv";"LV";"428";"LVA";"EUR";"371";"Riga";"LV,Republic of Latvia,Latvijas Republika";"0";"Europe";"Northern Europe";"Latvian";"lv";"Lettland,Letonia,Lettonie,Lettonia,ラトビア,Letland,Latvija";"2014000";"57,25";"Latvian";"BLR,EST,LTU,RUS"
"Lebanon";"لبنان";".lb";"LB";"422";"LBN";"LBP";"961";"Beirut";"LB,Lebanese Republic,Al-Jumhūrīyah Al-Libnānīyah";"0";"Asia";"Western Asia";"Arabic,French";"ar,fr";"Libanon,Líbano,Liban,Libano,レバノン,Libanon,Libanon";"4822000";"33.83333333,35.83333333";"Lebanese";"ISR,SYR"
"Lesotho";"Lesotho";".ls";"LS";"426";"LSO";"LSL,ZAR";"266";"Maseru";"LS,Kingdom of Lesotho,Muso oa Lesotho";"0";"Africa";"Southern Africa";"Sesotho,English";"en,st";"Lesotho,Lesotho,Lesotho,Lesotho,レソト,Lesotho,Lesoto";"2074000";"-29.5,28.5";"Mosotho";"ZAF"
"Liberia";"Liberia";".lr";"LR";"430";"LBR";"LRD";"231";"Monrovia";"LR,Republic of Liberia";"0";"Africa";"Western Africa";"English";"en";"Liberia,Liberia,Liberia,Liberia,リベリア,Liberia,Liberija";"4294000";"6.5,-9.5";"Liberian";"GIN,CIV,SLE"
"Libya";"‏ليبيا";".ly";"LY";"434";"LBY";"LYD";"218";"Tripoli";"LY,State of Libya,Dawlat Libya";"0";"Africa";"Northern Africa";"Arabic";"ar";"Libyen,Libia,Libye,Libia,リビア,Libië,Libija";"6202000";"25,17";"Libyan";"DZA,TCD,EGY,NER,SDN,TUN"
"Liechtenstein";"Liechtenstein";".li";"LI";"438";"LIE";"CHF";"423";"Vaduz";"LI,Principality of Liechtenstein,Fürstentum Liechtenstein";"0";"Europe";"Western Europe";"German";"de";"Liechtenstein,Liechtenstein,Liechtenstein,Liechtenstein,リヒテンシュタイン,Liechtenstein,Lihtenštajn";"36842";"47.26666666,9.53333333";"Liechtensteiner";"AUT,CHE"
"Lithuania";"Lietuva";".lt";"LT";"440";"LTU";"LTL";"370";"Vilnius";"LT,Republic of Lithuania,Lietuvos Respublika";"0";"Europe";"Northern Europe";"Lithuanian";"lt";"Litauen,Lituania,Lituanie,Lituania,リトアニア,Litouwen,Litva";"2950684";"56,24";"Lithuanian";"BLR,LVA,POL,RUS"
"Luxembourg";"Luxembourg";".lu";"LU";"442";"LUX";"EUR";"352";"Luxembourg";"LU,Grand Duchy of Luxembourg,Grand-Duché de Luxembourg,Großherzogtum Luxemburg,Groussherzogtum Lëtzebuerg";"0";"Europe";"Western Europe";"French,German,Luxembourgish";"fr,de,lb";"Luxemburg,Luxemburgo,Luxembourg,Lussemburgo,ルクセンブルク,Luxemburg,Luksemburg";"537000";"49.75,6.16666666";"Luxembourger";"BEL,FRA,DEU"
"Macau";"澳門";".mo";"MO";"446";"MAC";"MOP";"853";"";"MO,澳门,Macao Special Administrative Region of the People's Republic of China,中華人民共和國澳門特別行政區,Região Administrativa Especial de Macau da República Popular da China";"0";"Asia";"Eastern Asia";"Traditional Chinese,Portuguese";"zh,pt";"Macao,Macao,Macao,Macao,マカオ,Macao,Makao";"591900";"22.16666666,113.55";"Chinese";"CHN"
"Macedonia";"Македонија";".mk";"MK";"807";"MKD";"MKD";"389";"Skopje";"MK,Republic of Macedonia,Република Македонија";"0";"Europe";"Southern Europe";"Macedonian";"mk";"Mazedonien,Macedonia,Macédoine,Macedonia,マケドニア旧ユーゴスラビア共和国,Macedonië,Makedonija";"2058539";"41.83333333,22";"Macedonian";"ALB,BGR,GRC,KOS,SRB"
"Madagascar";"Madagasikara";".mg";"MG";"450";"MDG";"MGA";"261";"Antananarivo";"MG,Republic of Madagascar,Repoblikan'i Madagasikara,République de Madagascar";"0";"Africa";"Eastern Africa";"Malagasy,French";"fr,mg";"Madagaskar,Madagascar,Madagascar,Madagascar,マダガスカル,Madagaskar,Madagaskar";"20696070";"-20,47";"Malagasy";""
"Malawi";"Malawi";".mw";"MW";"454";"MWI";"MWK";"265";"Lilongwe";"MW,Republic of Malawi";"0";"Africa";"Eastern Africa";"Chichewa,English";"en,ny";"Malawi,Malawi,Malawi,Malawi,マラウイ,Malawi,Malavi";"16363000";"-13.5,34";"Malawian";"MOZ,TZA,ZMB"
"Malaysia";"Malaysia";".my";"MY";"458";"MYS";"MYR";"60";"Kuala Lumpur";"MY";"0";"Asia";"South-Eastern Asia";"Malaysian";"";"Malaisie,Maleisië,Malaysia,Malesia,マレーシア,Malasia,Malezija";"29793600";"2.5,112.5";"Malaysian";"BRN,IDN,THA"
"Maldives";"Maldives";".mv";"MV";"462";"MDV";"MVR";"960";"Malé";"MV,Maldive Islands,Republic of the Maldives,Dhivehi Raajjeyge Jumhooriyya";"0";"Asia";"Southern Asia";"Maldivian";"dv";"Malediven,Maldivas,Maldives,Maldive,モルディブ,Maldiven,Maldivi";"317280";"3.25,73";"Maldivan";""
"Mali";"Mali";".ml";"ML";"466";"MLI";"XOF";"223";"Bamako";"ML,Republic of Mali,République du Mali";"0";"Africa";"Western Africa";"French";"fr";"Mali,Mali,Mali,Mali,マリ,Mali,Mali";"15302000";"17,-4";"Malian";"DZA,BFA,GIN,CIV,MRT,NER,SEN"
"Malta";"Malta";".mt";"MT";"470";"MLT";"EUR";"356";"Valletta";"MT,Republic of Malta,Repubblika ta' Malta";"0";"Europe";"Southern Europe";"Maltese,English";"mt,en";"Malta,Malta,Malte,Malta,マルタ,Malta,Malta";"416055";"35.83333333,14.58333333";"Maltese";""
"Marshall Islands";"M̧ajeļ";".mh";"MH";"584";"MHL";"USD";"692";"Majuro";"MH,Republic of the Marshall Islands,Aolepān Aorōkin M̧ajeļ";"0.5";"Oceania";"Micronesia";"Marshallese,English";"en,mh";"Marshallinseln,Islas Marshall,Îles Marshall,Isole Marshall,マーシャル諸島,Marshalleilanden,Maršalovi Otoci";"56086";"9,168";"Marshallese";""
"Martinique";"Martinique";".mq";"MQ";"474";"MTQ";"EUR";"596";"Fort-de-France";"MQ";"0";"Americas";"Caribbean";"French";"fr";"Martinique,Martinica,Martinique,Martinica,マルティニーク,Martinique,Martinique";"394173";"14.666667,-61";"French";""
"Mauritania";"موريتانيا";".mr";"MR";"478";"MRT";"MRO";"222";"Nouakchott";"MR,Islamic Republic of Mauritania,al-Jumhūriyyah al-ʾIslāmiyyah al-Mūrītāniyyah";"0";"Africa";"Western Africa";"Arabic";"ar";"Mauretanien,Mauritania,Mauritanie,Mauritania,モーリタニア,Mauritanië,Mauritanija";"3461041";"20,-12";"Mauritanian";"DZA,MLI,SEN,ESH"
"Mauritius";"Maurice";".mu";"MU";"480";"MUS";"MUR";"230";"Port Louis";"MU,Republic of Mauritius,République de Maurice";"0";"Africa";"Eastern Africa";"French";"en";"Mauritius,Mauricio,Île Maurice,Mauritius,モーリシャス,Mauritius,Mauricijus";"1257900";"-20.28333333,57.55";"Mauritian";""
"Mayotte";"Mayotte";".yt";"YT";"175";"MYT";"EUR";"262";"Mamoudzou";"YT,Department of Mayotte,Département de Mayotte";"0";"Africa";"Eastern Africa";"French";"fr";"Mayotte,Mayotte,Mayotte,Mayotte,マヨット,Mayotte,Mayotte";"212600";"-12.83333333,45.16666666";"French";""
"Mexico";"México";".mx";"MX";"484";"MEX";"MXN";"52";"Mexico City";"MX,Mexicanos,United Mexican States,Estados Unidos Mexicanos";"1.5";"Americas";"Central America";"Spanish";"es";"Mexiko,México,Mexique,Messico,メキシコ,Mexico,Meksiko";"118395054";"23,-102";"Mexican";"BLZ,GTM,USA"
"Micronesia";"Micronesia";".fm";"FM";"583";"FSM";"USD";"691";"Palikir";"FM,Federated States of Micronesia";"0";"Oceania";"Micronesia";"English";"en";"Mikronesien,Micronesia,Micronésie,Micronesia,ミクロネシア連邦,Micronesië,Mikronezija";"106104";"6.91666666,158.25";"Micronesian";""
"Moldova";"Moldova";".md";"MD";"498";"MDA";"MDL";"373";"Chișinău";"MD,Republic of Moldova,Republica Moldova";"0";"Europe";"Eastern Europe";"Moldovan";"ro";"Moldawie,Moldavia,Moldavie,Moldavia,モルドバ共和国,Moldavië,Moldova";"3559500";"47,29";"Moldovan";"ROU,UKR"
"Monaco";"Monaco";".mc";"MC";"492";"MCO";"EUR";"377";"Monaco";"MC,Principality of Monaco,Principauté de Monaco";"0";"Europe";"Western Europe";"French";"fr";"Monaco,Mónaco,Monaco,Principato di Monaco,モナコ,Monaco,Monako";"36136";"43.73333333,7.4";"Monegasque";"FRA"
"Mongolia";"Монгол улс";".mn";"MN";"496";"MNG";"MNT";"976";"Ulan Bator";"MN";"0";"Asia";"Eastern Asia";"Mongolian";"mn";"Mongolei,Mongolia,Mongolie,Mongolia,モンゴル,Mongolië,Mongolija";"2754685";"46,105";"Mongolian";"CHN,RUS"
"Montenegro";"Црна Гора";".me";"ME";"499";"MNE";"EUR";"382";"Podgorica";"ME,Crna Gora";"0";"Europe";"Southern Europe";"Montenegrin";"sr,bs,sq,hr";"Montenegro,Montenegro,Monténégro,Montenegro,モンテネグロ,Montenegro,Crna Gora";"620029";"42.5,19.3";"Montenegrin";"ALB,BIH,HRV,KOS,SRB"
"Montserrat";"Montserrat";".ms";"MS";"500";"MSR";"XCD";"1664";"Plymouth";"MS";"0.5";"Americas";"Caribbean";"English";"en";"Montserrat,Montserrat,Montserrat,Montserrat,モントセラト,Montserrat,Montserrat";"4922";"16.75,-62.2";"Montserratian";""
"Morocco";"المغرب";".ma";"MA";"504";"MAR";"MAD";"212";"Rabat";"MA,Kingdom of Morocco,Al-Mamlakah al-Maġribiyah";"0";"Africa";"Northern Africa";"Arabic,Berber";"ar";"Marokko,Marruecos,Maroc,Marocco,モロッコ,Marokko,Maroko";"33087700";"32,-5";"Moroccan";"DZA,ESH,ESP"
"Mozambique";"Moçambique";".mz";"MZ";"508";"MOZ";"MZN";"258";"Maputo";"MZ,Republic of Mozambique,República de Moçambique";"0";"Africa";"Eastern Africa";"Portuguese";"pt";"Mosambik,Mozambique,Mozambique,Mozambico,モザンビーク,Mozambique,Mozambik";"23700715";"-18.25,35";"Mozambican";"MWI,ZAF,SWZ,TZA,ZMB,ZWE"
"Myanmar";"Myanma";".mm";"MM";"104";"MMR";"MMK";"95";"Naypyidaw";"MM,Burma,Republic of the Union of Myanmar,Pyidaunzu Thanmăda Myăma Nainngandaw";"0";"Asia";"South-Eastern Asia";"Burmese";"my";"Myanmar,Myanmar,Myanmar,Birmania,ミャンマー,Myanmar,Mijanmar";"61120000";"22,98";"Myanmarian";"BGD,CHN,IND,LAO,THA"
"Namibia";"Namibia";".na";"NA";"516";"NAM";"NAD,ZAR";"264";"Windhoek";"NA,Namibië,Republic of Namibia";"0";"Africa";"Southern Africa";"English";"en,af";"Namibia,Namibia,Namibie,Namibia,ナミビア,Namibië,Namibija";"2113077";"-22,17";"Namibian";"AGO,BWA,ZAF,ZMB"
"Nauru";"Nauru";".nr";"NR";"520";"NRU";"AUD";"674";"Yaren";"NR,Naoero,Pleasant Island,Republic of Nauru,Ripublik Naoero";"0.5";"Oceania";"Micronesia";"Nauruan,English";"en,na";"Nauru,Nauru,Nauru,Nauru,ナウル,Nauru,Nauru";"9945";"-0.53333333,166.91666666";"Nauruan";""
"Nepal";"नपल";".np";"NP";"524";"NPL";"NPR";"977";"Kathmandu";"NP,Federal Democratic Republic of Nepal,Loktāntrik Ganatantra Nepāl";"0";"Asia";"Southern Asia";"Nepali";"ne";"Népal,Nepal,Népal,Nepal,ネパール,Nepal,Nepal";"26494504";"28,84";"Nepalese";"CHN,IND"
"Netherlands";"Nederland";".nl";"NL";"528";"NLD";"EUR";"31";"Amsterdam";"NL,Holland,Nederland";"1.5";"Europe";"Western Europe";"Dutch";"nl";"Niederlande,Países Bajos,Pays-Bas,Paesi Bassi,オランダ,Nederland,Nizozemska";"16807300";"52.5,5.75";"Dutch";"BEL,DEU"
"New Caledonia";"Nouvelle-Calédonie";".nc";"NC";"540";"NCL";"XPF";"687";"Nouméa";"NC";"0.5";"Oceania";"Melanesia";"French";"fr";"Neukaledonien,Nueva Caledonia,Nouvelle-Calédonie,Nuova Caledonia,ニューカレドニア,Nieuw-Caledonië,Nova Kaledonija";"258958";"-21.5,165.5";"New Caledonian";""
"New Zealand";"New Zealand";".nz";"NZ";"554";"NZL";"NZD";"64";"Wellington";"NZ,Aotearoa";"1.0";"Oceania";"Australia and New Zealand";"English,Māori,New Zealand Sign Language";"en,mi";"Nouvelle-Zélande,Nieuw-Zeeland,Neuseeland,Nuova Zelanda,ニュージーランド,Nueva Zelanda,Novi Zeland";"4478810";"-41,174";"New Zealander";""
"Nicaragua";"Nicaragua";".ni";"NI";"558";"NIC";"NIO";"505";"Managua";"NI,Republic of Nicaragua,República de Nicaragua";"0";"Americas";"Central America";"Spanish";"es";"Nicaragua,Nicaragua,Nicaragua,Nicaragua,ニカラグア,Nicaragua,Nikaragva";"6071045";"13,-85";"Nicaraguan";"CRI,HND"
"Niger";"Niger";".ne";"NE";"562";"NER";"XOF";"227";"Niamey";"NE,Nijar,Republic of Niger,République du Niger";"0";"Africa";"Western Africa";"French";"fr";"Niger,Níger,Niger,Niger,ニジェール,Niger,Niger";"17129076";"16,8";"Nigerian";"DZA,BEN,BFA,TCD,LBY,MLI,NGA"
"Nigeria";"Nigeria";".ng";"NG";"566";"NGA";"NGN";"234";"Abuja";"NG,Nijeriya,Naíjíríà,Federal Republic of Nigeria";"1.5";"Africa";"Western Africa";"English";"en";"Nigeria,Nigeria,Nigéria,Nigeria,ナイジェリア,Nigeria,Nigerija";"173615000";"10,8";"Nigerian";"BEN,CMR,TCD,NER"
"Niue";"Niuē";".nu";"NU";"570";"NIU";"NZD";"683";"Alofi";"NU";"0.5";"Oceania";"Polynesia";"Niuean,English";"en";"Niue,Niue,Niue,Niue,ニウエ,Niue,Niue";"1613";"-19.03333333,-169.86666666";"Niuean";""
"Norfolk Island";"Norfolk Island";".nf";"NF";"574";"NFK";"AUD";"672";"Kingston";"NF,Territory of Norfolk Island,Teratri of Norf'k Ailen";"0.5";"Oceania";"Australia and New Zealand";"English,Norfuk";"en";"Île de Norfolk,Norfolkeiland,Norfolkinsel,Isola Norfolk,ノーフォーク島,Isla de Norfolk,Otok Norfolk";"2302";"-29.03333333,167.95";"Norfolk Islander";""
"North Korea";"북한";".kp";"KP";"408";"PRK";"KPW";"850";"Pyongyang";"KP,Democratic People's Republic of Korea,조선민주주의인민공화국,Chosŏn Minjujuŭi Inmin Konghwaguk";"0";"Asia";"Eastern Asia";"Korean";"ko";"Nordkorea,Corea del Norte,Corée du Nord,Corea del Nord,朝鮮民主主義人民共和国,Noord-Korea,Sjeverna Koreja";"24895000";"40,127";"North Korean";"CHN,KOR,RUS"
"Northern Mariana Islands";"Northern Mariana Islands";".mp";"MP";"580";"MNP";"USD";"1670";"Saipan";"MP,Commonwealth of the Northern Mariana Islands,Sankattan Siha Na Islas Mariånas";"0.5";"Oceania";"Micronesia";"English,Chamorro,Carolinian";"en,ch";"Nördliche Marianen,Islas Marianas del Norte,Îles Mariannes du Nord,Isole Marianne Settentrionali,北マリアナ諸島,Noordelijke Marianeneilanden,Sjevernomarijanski otoci";"53883";"15.2,145.75";"American";""
"Norway";"Norge";".no";"NO";"578";"NOR";"NOK";"47";"Oslo";"NO,Norge,Noreg,Kingdom of Norway,Kongeriket Norge,Kongeriket Noreg";"1.5";"Europe";"Northern Europe";"Norwegian";"no";"Norwegen,Noruega,Norvège,Norvegia,ノルウェー,Noorwegen,Norveška";"5077798";"62,10";"Norwegian";"FIN,SWE,RUS"
"Oman";"عمان";".om";"OM";"512";"OMN";"OMR";"968";"Muscat";"OM,Sultanate of Oman,Salṭanat ʻUmān";"0";"Asia";"Western Asia";"Arabic";"ar";"Oman,Omán,Oman,oman,オマーン,Oman,Oman";"3929000";"21,57";"Omani";"SAU,ARE,YEM"
"Pakistan";"Pakistan";".pk";"PK";"586";"PAK";"PKR";"92";"Islamabad";"PK,Pākistān,Islamic Republic of Pakistan,Islāmī Jumhūriya'eh Pākistān";"2";"Asia";"Southern Asia";"English,Urdu";"en,ur";"Pakistan,Pakistán,Pakistan,Pakistan,パキスタン,Pakistan,Pakistan";"184845000";"30,70";"Pakistani";"AFG,CHN,IND,IRN"
"Palau";"Palau";".pw";"PW";"585";"PLW";"USD";"680";"Ngerulmud";"PW,Republic of Palau,Beluu er a Belau";"0.5";"Oceania";"Micronesia";"English,Palauan";"en";"Palau,Palau,Palaos,Palau,パラオ,Palau,Palau";"20901";"7.5,134.5";"Palauan";""
"Palestine";"فلسطين";".ps";"PS";"275";"PSE";"ILS";"970";"Ramallah";"PS,State of Palestine,Dawlat Filasṭin";"0";"Asia";"Western Asia";"Arabic";"ar";"Palästina,Palestina,Palestine,Palestina,パレスチナ,Palestijnse gebieden,Palestina";"4550368";"31.9,35.2";"Palestinian";"ISR,EGY,JOR"
"Panama";"Panamá";".pa";"PA";"591";"PAN";"PAB,USD";"507";"Panama City";"PA,Republic of Panama,República de Panamá";"0";"Americas";"Central America";"Spanish";"es";"Panama,Panamá,Panama,Panama,パナマ,Panama,Panama";"3405813";"9,-80";"Panamanian";"COL,CRI"
"Papua New Guinea";"Papua Niugini";".pg";"PG";"598";"PNG";"PGK";"675";"Port Moresby";"PG,Independent State of Papua New Guinea,Independen Stet bilong Papua Niugini";"0";"Oceania";"Melanesia";"Hiri Motu,Tok Pisin,English";"en";"Papua-Neuguinea,Papúa Nueva Guinea,Papouasie-Nouvelle-Guinée,Papua Nuova Guinea,パプアニューギニア,Papoea-Nieuw-Guinea,Papua Nova Gvineja";"7059653";"-6,147";"Papua New Guinean";"IDN"
"Paraguay";"Paraguay";".py";"PY";"600";"PRY";"PYG";"595";"Asunción";"PY,Republic of Paraguay,República del Paraguay,Tetã Paraguái";"0";"Americas";"South America";"Spanish,Guaraní";"es,gn";"Paraguay,Paraguay,Paraguay,Paraguay,パラグアイ,Paraguay,Paragvaj";"6783374";"-23,-58";"Paraguayan";"ARG,BOL,BRA"
"Peru";"Perú";".pe";"PE";"604";"PER";"PEN";"51";"Lima";"PE,Republic of Peru, República del Perú";"0";"Americas";"South America";"Spanish,Quechua,Aymara";"es";"Peru,Perú,Pérou,Perù,ペルー,Peru,Peru";"30475144";"-10,-76";"Peruvian";"BOL,BRA,CHL,COL,ECU"
"Philippines";"Pilipinas";".ph";"PH";"608";"PHL";"PHP";"63";"Manila";"PH,Republic of the Philippines,Repúblika ng Pilipinas";"1.5";"Asia";"South-Eastern Asia";"Filipino,English";"en";"Philippines,Filipijnen,Philippinen,Filippine,フィリピン,Filipinas,Filipini";"98678000";"13,122";"Filipino";""
"Pitcairn Islands";"Pitcairn Islands";".pn";"PN";"612";"PCN";"NZD";"64";"Adamstown";"PN,Pitcairn Henderson Ducie and Oeno Islands";"0.5";"Oceania";"Polynesia";"English";"en";"Pitcairn,Islas Pitcairn,Îles Pitcairn,Isole Pitcairn,ピトケアン,Pitcairneilanden,Pitcairnovo otočje";"56";"-25.06666666,-130.1";"Pitcairn Islander";""
"Poland";"Polska";".pl";"PL";"616";"POL";"PLN";"48";"Warsaw";"PL,Republic of Poland,Rzeczpospolita Polska";"1.25";"Europe";"Eastern Europe";"Polish";"pl";"Polen,Polonia,Pologne,Polonia,ポーランド,Polen,Poljska";"38533299";"52,20";"Polish";"BLR,CZE,DEU,LTU,RUS,SVK,UKR"
"Portugal";"Portugal";".pt";"PT";"620";"PRT";"EUR";"351";"Lisbon";"PT,Portuguesa,Portuguese Republic,República Portuguesa";"1.5";"Europe";"Southern Europe";"Portuguese";"pt";"Portugal,Portugal,Portugal,Portogallo,ポルトガル,Portugal,Portugal";"10562178";"39.5,-8";"Portuguese";"ESP"
"Puerto Rico";"Puerto Rico";".pr";"PR";"630";"PRI";"USD";"1787,1939";"San Juan";"PR,Commonwealth of Puerto Rico,Estado Libre Asociado de Puerto Rico";"0";"Americas";"Caribbean";"Spanish,English";"es,en";"Puerto Rico,Puerto Rico,Porto Rico,Porto Rico,プエルトリコ,Puerto Rico,Portoriko";"3667084";"18.25,-66.5";"Puerto Rican";""
"Qatar";"قطر";".qa";"QA";"634";"QAT";"QAR";"974";"Doha";"QA,State of Qatar,Dawlat Qaṭar";"0";"Asia";"Western Asia";"Arabic";"ar";"Katar,Catar,Qatar,Qatar,カタール,Qatar,Katar";"2024707";"25.5,51.25";"Qatari";"SAU"
"Republic of Kosovo";"Republika e Kosovës";"";"XK";"780";"KOS";"EUR";"377,381,386";"Pristina";"XK,Република Косово";"0";"Europe";"Eastern Europe";"Albanian,Serbian";"sq,sr";"Kosovo,Kosovo";"1733842";"42.666667,21.166667";"Kosovar";"ALB,MKD,MNE,SRB"
"Réunion";"La Réunion";".re";"RE";"638";"REU";"EUR";"262";"Saint-Denis";"RE,Reunion";"0";"Africa";"Eastern Africa";"French";"fr";"Réunion,Reunión,Réunion,Riunione,レユニオン,Réunion,Réunion";"821136";"-21.15,55.5";"French";""
"Romania";"România";".ro";"RO";"642";"ROU";"RON";"40";"Bucharest";"RO,Rumania,Roumania,România";"0";"Europe";"Eastern Europe";"Romanian";"ro";"Rumänien,Rumania,Roumanie,Romania,ルーマニア,Roemenië,Rumunjska";"20121641";"46,25";"Romanian";"BGR,HUN,MDA,SRB,UKR"
"Russia";"Россия";".ru";"RU";"643";"RUS";"RUB";"7";"Moscow";"RU,Rossiya,Russian Federation,Российская Федерация,Rossiyskaya Federatsiya";"2.5";"Europe";"Eastern Europe";"Russian";"ru";"Russland,Rusia,Russie,Russia,ロシア連邦,Rusland,Rusija";"143500000";"60,100";"Russian";"AZE,BLR,CHN,EST,FIN,GEO,KAZ,PRK,LVA,LTU,MNG,NOR,POL,UKR"
"Rwanda";"Rwanda";".rw";"RW";"646";"RWA";"RWF";"250";"Kigali";"RW,Republic of Rwanda,Repubulika y'u Rwanda,République du Rwanda";"0";"Africa";"Eastern Africa";"Kinyarwanda,French,English";"rw,en,fr";"Ruanda,Ruanda,Rwanda,Ruanda,ルワンダ,Rwanda,Ruanda";"10537222";"-2,30";"Rwandan";"BDI,COD,TZA,UGA"
"Saint Barthélemy";"Saint-Barthélemy";".bl";"BL";"652";"BLM";"EUR";"590";"Gustavia";"BL,St. Barthelemy,Collectivity of Saint Barthélemy,Collectivité de Saint-Barthélemy";"0";"Americas";"Caribbean";"French";"fr";"Saint-Barthélemy,San Bartolomé,Saint-Barthélemy,Antille Francesi,サン・バルテルミー,Saint Barthélemy,Saint Barthélemy";"8938";"18.5,-63.41666666";"Saint Barthélemy Islander";""
"Saint Helena";"Saint Helena";".sh";"SH";"654";"SHN";"SHP";"290";"Jamestown";"SH";"0";"Africa";"Western Africa";"English";"en";"Sankt Helena,Santa Helena,Sainte-Hélène,Sant'Elena,セントヘレナ・アセンションおよびトリスタンダクーニャ,Sint-Helena,Sveta Helena";"4255";"-15.95,-5.7";"Saint Helenian";""
"Saint Kitts and Nevis";"Saint Kitts and Nevis";".kn";"KN";"659";"KNA";"XCD";"1869";"Basseterre";"KN,Federation of Saint Christopher and Nevis";"0";"Americas";"Caribbean";"English";"en";"St. Kitts und Nevis,San Cristóbal y Nieves,Saint-Christophe-et-Niévès,Saint Kitts e Nevis,セントクリストファー・ネイビス,Saint Kitts en Nevis,Sveti Kristof i Nevis";"54000";"17.33333333,-62.75";"Kittian and Nevisian";""
"Saint Lucia";"Saint Lucia";".lc";"LC";"662";"LCA";"XCD";"1758";"Castries";"LC";"0";"Americas";"Caribbean";"English";"en";"Saint Lucia,Santa Lucía,Saint-Lucie,Santa Lucia,セントルシア,Saint Lucia,Sveta Lucija";"166526";"13.88333333,-60.96666666";"Saint Lucian";""
"Saint Martin";"Saint-Martin";".mf,.fr,.gp";"MF";"663";"MAF";"EUR";"590";"Marigot";"MF,Collectivity of Saint Martin,Collectivité de Saint-Martin";"0";"Americas";"Caribbean";"French";"en,fr,nl";"Saint Martin,Saint Martin,Saint-Martin,Saint Martin,サン・マルタン（フランス領）,Saint-Martin,Sveti Martin";"77741";"18.08333333,-63.95";"Saint Martin Islander";"SXM,NLD"
"Saint Pierre and Miquelon";"Saint-Pierre-et-Miquelon";".pm";"PM";"666";"SPM";"EUR";"508";"Saint-Pierre";"PM,Collectivité territoriale de Saint-Pierre-et-Miquelon";"0";"Americas";"Northern America";"French";"fr";"Saint-Pierre und Miquelon,San Pedro y Miquelón,Saint-Pierre-et-Miquelon,Saint-Pierre e Miquelon,サンピエール島・ミクロン島,Saint Pierre en Miquelon,Sveti Petar i Mikelon";"6081";"46.83333333,-56.33333333";"French";""
"Saint Vincent and the Grenadines";"Saint Vincent and the Grenadines";".vc";"VC";"670";"VCT";"XCD";"1784";"Kingstown";"VC";"0";"Americas";"Caribbean";"English";"en";"Saint Vincent und die Grenadinen,San Vicente y Granadinas,Saint-Vincent-et-les-Grenadines,Saint Vincent e Grenadine,セントビンセントおよびグレナディーン諸島,Saint Vincent en de Grenadines,Sveti Vincent i Grenadini";"109000";"13.25,-61.2";"Saint Vincentian";""
"Samoa";"Samoa";".ws";"WS";"882";"WSM";"WST";"685";"Apia";"WS,Independent State of Samoa,Malo Saʻoloto Tutoʻatasi o Sāmoa";"0";"Oceania";"Polynesia";"Samoan,English";"sm,en";"Samoa,Samoa,Samoa,Samoa,サモア,Samoa,Samoa";"187820";"-13.58333333,-172.33333333";"Samoan";""
"San Marino";"San Marino";".sm";"SM";"674";"SMR";"EUR";"378";"City of San Marino";"SM,Republic of San Marino,Repubblica di San Marino";"0";"Europe";"Southern Europe";"Italian";"it";"San Marino,San Marino,Saint-Marin,San Marino,サンマリノ,San Marino,San Marino";"32509";"43.76666666,12.41666666";"Sammarinese";"ITA"
"São Tomé and Príncipe";"São Tomé e Príncipe";".st";"ST";"678";"STP";"STD";"239";"São Tomé";"ST,Democratic Republic of São Tomé and Príncipe,República Democrática de São Tomé e Príncipe";"0";"Africa";"Middle Africa";"Portuguese";"pt";"São Tomé und Príncipe,Santo Tomé y Príncipe,Sao Tomé-et-Principe,São Tomé e Príncipe,サントメ・プリンシペ,Sao Tomé en Principe,Sveti Toma i Princip";"187356";"1,7";"Sao Tomean";""
"Saudi Arabia";"العربية السعودية";".sa";"SA";"682";"SAU";"SAR";"966";"Riyadh";"SA,Kingdom of Saudi Arabia,Al-Mamlakah al-‘Arabiyyah as-Su‘ūdiyyah";"0";"Asia";"Western Asia";"Arabic";"ar";"Saudi-Arabien,Arabia Saudí,Arabie Saoudite,Arabia Saudita,サウジアラビア,Saoedi-Arabië,Saudijska Arabija";"29994272";"25,45";"Saudi Arabian";"IRQ,JOR,KWT,OMN,QAT,ARE,YEM"
"Senegal";"Sénégal";".sn";"SN";"686";"SEN";"XOF";"221";"Dakar";"SN,Republic of Senegal,République du Sénégal";"0";"Africa";"Western Africa";"French";"fr";"Senegal,Senegal,Sénégal,Senegal,セネガル,Senegal,Senegal";"13567338";"14,-14";"Senegalese";"The Gambia,GIN,GNB,MLI,MRT"
"Serbia";"Србија";".rs";"RS";"688";"SRB";"RSD";"381";"Belgrade";"RS,Srbija,Republic of Serbia,Република Србија,Republika Srbija";"0";"Europe";"Southern Europe";"Serbian";"sr";"Serbien,Serbia,Serbie,Serbia,セルビア,Servië,Srbija";"7181505";"44,21";"Serbian";"BIH,BGR,HRV,HUN,KOS,MKD,MNE,ROU"
"Seychelles";"Seychelles";".sc";"SC";"690";"SYC";"SCR";"248";"Victoria";"SC,Republic of Seychelles,Repiblik Sesel,République des Seychelles";"0.5";"Africa";"Eastern Africa";"French,English,Seychellois Creole";"fr,en";"Seychellen,Seychelles,Seychelles,Seychelles,セーシェル,Seychellen,Sejšeli";"90945";"-4.58333333,55.66666666";"Seychellois";""
"Sierra Leone";"Sierra Leone";".sl";"SL";"694";"SLE";"SLL";"232";"Freetown";"SL,Republic of Sierra Leone";"0";"Africa";"Western Africa";"English";"en";"Sierra Leone,Sierra Leone,Sierra Leone,Sierra Leone,シエラレオネ,Sierra Leone,Sijera Leone";"6190280";"8.5,-11.5";"Sierra Leonean";"GIN,LBR"
"Singapore";"Singapore";".sg";"SG";"702";"SGP";"SGD";"65";"Singapore";"SG,Singapura,Republik Singapura,新加坡共和国";"0";"Asia";"South-Eastern Asia";"English,Malay,Mandarin,Tamil";"en,ms,ta,zh";"Singapour,Singapore,Singapur,Singapore,シンガポール,Singapur,Singapur";"5399200";"1.36666666,103.8";"Singaporean";""
"Sint Maarten";"Sint Maarten";".sx";"SX";"534";"SXM";"ANG";"1721";"Philipsburg";"SX";"0";"Americas";"Caribbean";"Dutch,English";"nl,en";"Sint Maarten";"37429";"18.033333,-63.05";"Dutch";"MAF"
"Slovakia";"Slovensko";".sk";"SK";"703";"SVK";"EUR";"421";"Bratislava";"SK,Slovak Republic,Slovenská republika";"0";"Europe";"Eastern Europe";"Slovak";"sk";"Slowakei,República Eslovaca,Slovaquie,Slovacchia,スロバキア,Slowakije,Slovačka";"5412008";"48.66666666,19.5";"Slovak";"AUT,CZE,HUN,POL,UKR"
"Slovenia";"Slovenija";".si";"SI";"705";"SVN";"EUR";"386";"Ljubljana";"SI,Republic of Slovenia,Republika Slovenija";"0";"Europe";"Southern Europe";"Slovene";"sl";"Slowenien,Eslovenia,Slovénie,Slovenia,スロベニア,Slovenië,Slovenija";"2061405";"46.11666666,14.81666666";"Slovene";"AUT,HRV,ITA,HUN"
"Solomon Islands";"Solomon Islands";".sb";"SB";"090";"SLB";"SDB";"677";"Honiara";"SB";"0";"Oceania";"Melanesia";"English";"en";"Salomonen,Islas Salomón,Îles Salomon,Isole Salomone,ソロモン諸島,Salomonseilanden,Solomonski Otoci";"561000";"-8,159";"Solomon Islander";""
"Somalia";"Soomaaliya";".so";"SO";"706";"SOM";"SOS";"252";"Mogadishu";"SO,aṣ-Ṣūmāl,Federal Republic of Somalia,Jamhuuriyadda Federaalka Soomaaliya,Jumhūriyyat aṣ-Ṣūmāl al-Fiderāliyya";"0";"Africa";"Eastern Africa";"Somali,Arabic";"so,ar";"Somalia,Somalia,Somalie,Somalia,ソマリア,Somalië,Somalija";"10496000";"10,49";"Somali";"DJI,ETH,KEN"
"South Africa";"South Africa";".za";"ZA";"710";"ZAF";"ZAR";"27";"Pretoria";"ZA,RSA,Suid-Afrika,Republic of South Africa";"0";"Africa";"Southern Africa";"Afrikaans,English,Southern Ndebele,Northern Sotho,Southern Sotho,Swazi,Tsonga,Tswana,Venda,Xhosa,Zulu";"af,en,nr,st,ss,tn,ts,ve,xh,zu";"Republik Südafrika,República de Sudáfrica,Afrique du Sud,Sud Africa,南アフリカ,Zuid-Afrika,Južnoafrička Republika";"52981991";"-29,24";"South African";"BWA,LSO,MOZ,NAM,SWZ,ZWE"
"South Georgia";"South Georgia";".gs";"GS";"239";"SGS";"GBP";"500";"King Edward Point";"GS,South Georgia and the South Sandwich Islands";"0";"Americas";"South America";"English";"en";"Südgeorgien und die Südlichen Sandwichinseln,Islas Georgias del Sur y Sandwich del Sur,Géorgie du Sud-et-les Îles Sandwich du Sud,Georgia del Sud e Isole Sandwich Meridionali,サウスジョージア・サウスサンドウィッチ諸島,Zuid-Georgia en Zuidelijke Sandwicheilanden,Južna Georgija i otočje Južni Sandwich";"30";"-54.5,-37";"South Georgia and the South Sandwich Islander";""
"South Korea";"대한민국";".kr";"KR";"410";"KOR";"KRW";"82";"Seoul";"KR,Republic of Korea";"1.5";"Asia";"Eastern Asia";"Korean";"ko";"Südkorea,Corea del Sur,Corée du Sud,Corea del Sud,大韓民国,Zuid-Korea,Južna Koreja";"50219669";"37,127.5";"South Korean";"PRK"
"South Sudan";"South Sudan";".ss";"SS";"728";"SSD";"SSP";"211";"Juba";"SS";"0";"Africa";"Middle Africa";"English";"en";"Soudan du Sud,Zuid-Soedan,Südsudan,Sudan del sud,南スーダン,Sudán del Sur,Južni Sudan";"11296000";"7,30";"South Sudanese";"CAF,COD,ETH,KEN,SDN,UGA"
"Spain";"España";".es";"ES";"724";"ESP";"EUR";"34";"Madrid";"ES,Kingdom of Spain,Reino de España";"2";"Europe";"Southern Europe";"Spanish";"es";"Spanien,España,Espagne,Spagna,スペイン,Spanje,Španjolska";"46704314";"40,-4";"Spanish";"AND,FRA,GIB,PRT,MAR"
"Sri Lanka";"śrī laṃkāva";".lk";"LK";"144";"LKA";"LKR";"94";"Colombo";"LK,ilaṅkai,Democratic Socialist Republic of Sri Lanka";"0";"Asia";"Southern Asia";"Sinhala,Tamil";"si,ta";"Sri Lanka,Sri Lanka,Sri Lanka,Sri Lanka,スリランカ,Sri Lanka,Šri Lanka";"20277597";"7,81";"Sri Lankan";"IND"
"Sudan";"السودان";".sd";"SD";"729";"SDN";"SDG";"249";"Khartoum";"SD,Republic of the Sudan,Jumhūrīyat as-Sūdān";"0";"Africa";"Northern Africa";"Arabic,English";"ar,en";"Sudan,Sudán,Soudan,Sudan,スーダン,Soedan,Sudan";"37964000";"15,30";"Sudanese";"CAF,TCD,EGY,ERI,ETH,LBY,SSD"
"Suriname";"Suriname";".sr";"SR";"740";"SUR";"SRD";"597";"Paramaribo";"SR,Sarnam,Sranangron,Republic of Suriname,Republiek Suriname";"0";"Americas";"South America";"Dutch";"nl";"Suriname,Surinam,Surinam,Suriname,スリナム,Suriname,Surinam";"534189";"4,-56";"Surinamer";"BRA,GUF,FRA,GUY"
"Svalbard and Jan Mayen";"Svalbard og Jan Mayen";".sj";"SJ";"744";"SJM";"NOK";"4779";"Longyearbyen";"SJ,Svalbard and Jan Mayen Islands";"0.5";"Europe";"Northern Europe";"Norwegian";"no";"Svalbard und Jan Mayen,Islas Svalbard y Jan Mayen,Svalbard et Jan Mayen,Svalbard e Jan Mayen,スヴァールバル諸島およびヤンマイエン島,Svalbard en Jan Mayen,Svalbard i Jan Mayen";"2655";"78,20";"Norwegian";""
"Swaziland";"Swaziland";".sz";"SZ";"748";"SWZ";"SZL";"268";"Lobamba";"SZ,weSwatini,Swatini,Ngwane,Kingdom of Swaziland,Umbuso waseSwatini";"0";"Africa";"Southern Africa";"Swazi,English";"en,ss";"Swasiland,Suazilandia,Swaziland,Swaziland,スワジランド,Swaziland,Svazi";"1250000";"-26.5,31.5";"Swazi";"MOZ,ZAF"
"Sweden";"Sverige";".se";"SE";"752";"SWE";"SEK";"46";"Stockholm";"SE,Kingdom of Sweden,Konungariket Sverige";"1.5";"Europe";"Northern Europe";"Swedish";"sv";"Schweden,Suecia,Suède,Svezia,スウェーデン,Zweden,Švedska";"9625444";"62,15";"Swedish";"FIN,NOR"
"Switzerland";"Schweiz";".ch";"CH";"756";"CHE";"CHE,CHF,CHW";"41";"Bern";"CH,Swiss Confederation,Schweiz,Suisse,Svizzera,Svizra";"1.5";"Europe";"Western Europe";"German,French,Italian,Romansh";"de,fr,it";"Schweiz,Suiza,Suisse,Svizzera,スイス,Zwitserland,Švicarska";"8085300";"47,8";"Swiss";"AUT,FRA,ITA,LIE,DEU"
"Syria";"سوريا";".sy";"SY";"760";"SYR";"SYP";"963";"Damascus";"SY,Syrian Arab Republic,Al-Jumhūrīyah Al-ʻArabīyah As-Sūrīyah";"0";"Asia";"Western Asia";"Arabic";"ar";"Syrien,Siria,Syrie,Siria,シリア・アラブ共和国,Syrië,Sirija";"21898000";"35,38";"Syrian";"IRQ,ISR,JOR,LBN,TUR"
"Taiwan";"臺灣";".tw";"TW";"158";"TWN";"TWD";"886";"Taipei";"TW,Táiwān,Republic of China,中華民國,Zhōnghuá Mínguó";"0";"Asia";"Eastern Asia";"Standard Chinese";"zh";"Taiwan,Taiwán,Taïwan,Taiwan,台湾（台湾省/中華民国）,Taiwan,Tajvan";"23361147";"23.5,121";"Taiwanese";""
"Tajikistan";"Тоҷикистон";".tj";"TJ";"762";"TJK";"TJS";"992";"Dushanbe";"TJ,Toçikiston,Republic of Tajikistan,Ҷумҳурии Тоҷикистон,Çumhuriyi Toçikiston";"0";"Asia";"Central Asia";"Tajik";"tg,ru";"Tadschikistan,Tayikistán,Tadjikistan,Tagikistan,タジキスタン,Tadzjikistan,Tađikistan";"8000000";"39,71";"Tadzhik";"AFG,CHN,KGZ,UZB"
"Tanzania";"Tanzania";".tz";"TZ";"834";"TZA";"TZS";"255";"Dodoma";"TZ,United Republic of Tanzania,Jamhuri ya Muungano wa Tanzania";"0";"Africa";"Eastern Africa";"Swahili,English";"sw,en";"Tansania,Tanzania,Tanzanie,Tanzania,タンザニア,Tanzania,Tanzanija";"44928923";"-6,35";"Tanzanian";"BDI,COD,KEN,MWI,MOZ,RWA,UGA,ZMB"
"Thailand";"ประเทศไทย";".th";"TH";"764";"THA";"THB";"66";"Bangkok";"TH,Prathet,Thai,Kingdom of Thailand,ราชอาณาจักรไทย,Ratcha Anachak Thai";"0";"Asia";"South-Eastern Asia";"Thai";"th";"Thaïlande,Thailand,Thailand,Tailandia,タイ,Tailandia,Tajland";"65926261";"15,100";"Thai";"Burma,KHM,LAO,MYS"
"Timor-Leste";"Timor-Leste";".tl";"TL";"626";"TLS";"USD";"670";"Dili";"TL,East Timor,Democratic Republic of Timor-Leste,República Democrática de Timor-Leste,Repúblika Demokrátika Timór-Leste";"0";"Asia";"South-Eastern Asia";"Portuguese,Tetum";"pt";"Timor oriental,Oost-Timor,Timor-Leste,Timor Est,東ティモール,Timor Oriental,Istočni Timor";"1172390";"-8.83333333,125.91666666";"East Timorese";"IDN"
"Togo";"Togo";".tg";"TG";"768";"TGO";"XOF";"228";"Lomé";"TG,Togolese,Togolese Republic,République Togolaise";"0";"Africa";"Western Africa";"French";"fr";"Togo,Togo,Togo,Togo,トーゴ,Togo,Togo";"6191155";"8,1.16666666";"Togolese";"BEN,BFA,GHA"
"Tokelau";"Tokelau";".tk";"TK";"772";"TKL";"NZD";"690";"Fakaofo";"TK";"0.5";"Oceania";"Polynesia";"Tokelauan,English,Samoan";"en";"Tokelau,Islas Tokelau,Tokelau,Isole Tokelau,トケラウ,Tokelau,Tokelau";"1411";"-9,-172";"Tokelauan";""
"Tonga";"Tonga";".to";"TO";"776";"TON";"TOP";"676";"Nuku'alofa";"TO";"0";"Oceania";"Polynesia";"Tongan,English";"en,to";"Tonga,Tonga,Tonga,Tonga,トンガ,Tonga,Tonga";"103036";"-20,-175";"Tongan";""
"Trinidad and Tobago";"Trinidad and Tobago";".tt";"TT";"780";"TTO";"TTD";"1868";"Port of Spain";"TT,Republic of Trinidad and Tobago";"0";"Americas";"Caribbean";"English";"en";"Trinidad und Tobago,Trinidad y Tobago,Trinité et Tobago,Trinidad e Tobago,トリニダード・トバゴ,Trinidad en Tobago,Trinidad i Tobago";"1328019";"11,-61";"Trinidadian";""
"Tunisia";"تونس";".tn";"TN";"788";"TUN";"TND";"216";"Tunis";"TN,Republic of Tunisia,al-Jumhūriyyah at-Tūnisiyyah";"0";"Africa";"Northern Africa";"Arabic";"ar";"Tunesien,Túnez,Tunisie,Tunisia,チュニジア,Tunesië,Tunis";"10833431";"34,9";"Tunisian";"DZA,LBY"
"Turkey";"Türkiye";".tr";"TR";"792";"TUR";"TRY";"90";"Ankara";"TR,Turkiye,Republic of Turkey,Türkiye Cumhuriyeti";"0";"Asia";"Western Asia";"Turkish";"tr";"Türkei,Turquía,Turquie,Turchia,トルコ,Turkije,Turska";"75627384";"39,35";"Turkish";"ARM,AZE,BGR,GEO,GRC,IRN,IRQ,SYR"
"Turkmenistan";"Türkmenistan";".tm";"TM";"795";"TKM";"TMT";"993";"Ashgabat";"TM";"0";"Asia";"Central Asia";"Turkmen";"tk,ru";"Turkmenistan,Turkmenistán,Turkménistan,Turkmenistan,トルクメニスタン,Turkmenistan,Turkmenistan";"5240000";"40,60";"Turkmen";"AFG,IRN,KAZ,UZB"
"Turks and Caicos Islands";"Turks and Caicos Islands";".tc";"TC";"796";"TCA";"USD";"1649";"Cockburn Town";"TC";"0.5";"Americas";"Caribbean";"English";"en";"Turks- und Caicosinseln,Islas Turks y Caicos,Îles Turques-et-Caïques,Isole Turks e Caicos,タークス・カイコス諸島,Turks- en Caicoseilanden,Otoci Turks i Caicos";"31458";"21.75,-71.58333333";"Turks and Caicos Islander";""
"Tuvalu";"Tuvalu";".tv";"TV";"798";"TUV";"AUD";"688";"Funafuti";"TV";"0.5";"Oceania";"Polynesia";"Tuvaluan,English";"en";"Tuvalu,Tuvalu,Tuvalu,Tuvalu,ツバル,Tuvalu,Tuvalu";"11323";"-8,178";"Tuvaluan";""
"Uganda";"Uganda";".ug";"UG";"800";"UGA";"UGX";"256";"Kampala";"UG,Republic of Uganda,Jamhuri ya Uganda";"0";"Africa";"Eastern Africa";"English,Swahili";"en,sw";"Uganda,Uganda,Uganda,Uganda,ウガンダ,Oeganda,Uganda";"35357000";"1,32";"Ugandan";"COD,KEN,RWA,SSD,TZA"
"Ukraine";"Україна";".ua";"UA";"804";"UKR";"UAH";"380";"Kiev";"UA,Ukrayina";"0";"Europe";"Eastern Europe";"Ukrainian";"uk";"Ukraine,Ucrania,Ukraine,Ucraina,ウクライナ,Oekraïne,Ukrajina";"45461627";"49,32";"Ukrainian";"BLR,HUN,MDA,POL,ROU,RUS,SVK"
"United Arab Emirates";"دولة الإمارات العربية المتحدة";".ae";"AE";"784";"ARE";"AED";"971";"Abu Dhabi";"AE,UAE";"0";"Asia";"Western Asia";"Arabic";"ar";"Vereinigte Arabische Emirate,Emiratos Árabes Unidos,Émirats arabes unis,Emirati Arabi Uniti,アラブ首長国連邦,Verenigde Arabische Emiraten,Ujedinjeni Arapski Emirati";"5473972";"24,54";"Emirati";"OMN,SAU"
"United Kingdom";"United Kingdom";".uk";"GB";"826";"GBR";"GBP";"44";"London";"GB,UK,Great Britain";"2.5";"Europe";"Northern Europe";"English";"en";"Vereinigtes Königreich,Reino Unido,Royaume-Uni,Regno Unito,イギリス,Verenigd Koninkrijk,Ujedinjeno Kraljevstvo";"63705000";"54,-2";"British";"IRL"
"United States";"United States";".us";"US";"840";"USA";"USD,USN,USS";"1";"Washington D.C.";"US,USA,United States of America";"3.5";"Americas";"Northern America";"English";"en";"Vereinigte Staaten von Amerika,Estados Unidos,États-Unis,Stati Uniti D'America,アメリカ合衆国,Verenigde Staten,Sjedinjene Američke Države";"317101000";"38,-97";"American";"CAN,MEX"
"United States Minor Outlying Islands";"United States Minor Outlying Islands";".us";"UM";"581";"UMI";"USD";"";"";"UM";"0";"Americas";"Northern America";"English";"en";"Kleinere Inselbesitzungen der Vereinigten Staaten,Islas Ultramarinas Menores de Estados Unidos,Îles mineures éloignées des États-Unis,Isole minori esterne degli Stati Uniti d'America,合衆国領有小離島,Kleine afgelegen eilanden van de Verenigde Staten,Mali udaljeni otoci SAD-a";"300";"";"American";""
"United States Virgin Islands";"United States Virgin Islands";".vi";"VI";"850";"VIR";"USD";"1340";"Charlotte Amalie";"VI";"0.5";"Americas";"Caribbean";"English";"en";"Amerikanische Jungferninseln,Islas Vírgenes de los Estados Unidos,Îles Vierges des États-Unis,Isole Vergini americane,アメリカ領ヴァージン諸島,Amerikaanse Maagdeneilanden,Američki Djevičanski Otoci";"106405";"18.35,-64.933333";"Virgin Islander";""
"Uruguay";"Uruguay";".uy";"UY";"858";"URY";"UYI,UYU";"598";"Montevideo";"UY,Oriental Republic of Uruguay,República Oriental del Uruguay";"0";"Americas";"South America";"Spanish";"es";"Uruguay,Uruguay,Uruguay,Uruguay,ウルグアイ,Uruguay,Urugvaj";"3286314";"-33,-56";"Uruguayan";"ARG,BRA"
"Uzbekistan";"O‘zbekiston";".uz";"UZ";"860";"UZB";"UZS";"998";"Tashkent";"UZ,Republic of Uzbekistan,O‘zbekiston Respublikasi,Ўзбекистон Республикаси";"0";"Asia";"Central Asia";"Uzbek";"uz,ru";"Usbekistan,Uzbekistán,Ouzbékistan,Uzbekistan,ウズベキスタン,Oezbekistan,Uzbekistan";"30183400";"41,64";"Uzbekistani";"AFG,KAZ,KGZ,TJK,TKM"
"Vanuatu";"Vanuatu";".vu";"VU";"548";"VUT";"VUV";"678";"Port Vila";"VU,Republic of Vanuatu,Ripablik blong Vanuatu,République de Vanuatu";"0";"Oceania";"Melanesia";"Bislama,French,English";"bi,en,fr";"Vanuatu,Vanuatu,Vanuatu,Vanuatu,バヌアツ,Vanuatu,Vanuatu";"264652";"-16,167";"Ni-Vanuatu";""
"Venezuela";"Venezuela";".ve";"VE";"862";"VEN";"VEF";"58";"Caracas";"VE,Bolivarian Republic of Venezuela,República Bolivariana de Venezuela";"0";"Americas";"South America";"Spanish";"es";"Venezuela,Venezuela,Venezuela,Venezuela,ベネズエラ・ボリバル共和国,Venezuela,Venezuela";"28946101";"8,-66";"Venezuelan";"BRA,COL,GUY"
"Vietnam";"Việt Nam";".vn";"VN";"704";"VNM";"VND";"84";"Hanoi";"VN,Socialist Republic of Vietnam,Cộng hòa Xã hội chủ nghĩa Việt Nam";"1.5";"Asia";"South-Eastern Asia";"Vietnamese";"vi";"Viêt Nam,Vietnam,Vietnam,Vietnam,ベトナム,Vietnam,Vijetnam";"90388000";"16.16666666,107.83333333";"Vietnamese";"KHM,CHN,LAO"
"Wallis and Futuna";"Wallis et Futuna";".wf";"WF";"876";"WLF";"XPF";"681";"Mata-Utu";"WF,Territory of the Wallis and Futuna Islands,Territoire des îles Wallis et Futuna";"0.5";"Oceania";"Polynesia";"French";"fr";"Wallis und Futuna,Wallis y Futuna,Wallis-et-Futuna,Wallis e Futuna,ウォリス・フツナ,Wallis en Futuna,Wallis i Fortuna";"13135";"-13.3,-176.2";"Wallis and Futuna Islander";""
"Western Sahara";"الصحراء الغربية";".eh";"EH";"732";"ESH";"MAD,DZD,MRO";"212";"El Aaiún";"EH,Taneẓroft Tutrimt";"0";"Africa";"Northern Africa";"Berber,Hassaniya,Spanish";"es";"Westsahara,Sahara Occidental,Sahara Occidental,Sahara Occidentale,西サハラ,Westelijke Sahara,Zapadna Sahara";"567000";"24.5,-13";"Sahrawi";"DZA,MRT,MAR"
"Yemen";"اليَمَن";".ye";"YE";"887";"YEM";"YER";"967";"Sana'a";"YE,Yemeni Republic,al-Jumhūriyyah al-Yamaniyyah";"0";"Asia";"Western Asia";"Arabic";"ar";"Jemen,Yemen,Yémen,Yemen,イエメン,Jemen,Jemen";"24527000";"15,48";"Yemeni";"OMN,SAU"
"Zambia";"Zambia";".zm";"ZM";"894";"ZMB";"ZMK";"260";"Lusaka";"ZM,Republic of Zambia";"0";"Africa";"Eastern Africa";"English";"en";"Sambia,Zambia,Zambie,Zambia,ザンビア,Zambia,Zambija";"13092666";"-15,30";"Zambian";"AGO,BWA,COD,MWI,MOZ,NAM,TZA,ZWE"
"Zimbabwe";"Zimbabwe";".zw";"ZW";"716";"ZWE";"ZWL";"263";"Harare";"ZW,Republic of Zimbabwe";"0";"Africa";"Eastern Africa";"Chewa,Chibarwe,English,Kalanga,Koisan,Nambya,Ndau,Ndebele,Shangani,Shona,Zimbabwean sign language,Sotho,Tonga,Tswana,Venda,Xhosa";"en,sn,nd";"Simbabwe,Zimbabue,Zimbabwe,Zimbabwe,ジンバブエ,Zimbabwe,Zimbabve";"12973808";"-20,30";"Zimbabwean";"BWA,MOZ,ZAF,ZMB"
